STORE_ID,STORE_LOCATION,PRODUCT_CATEGORY,PRODUCT_ID,MRP,CP,DISCOUNT,SP,Date
YR1475,New York*,Electronics,90175476,$38,$25.84,$3.42,$34.58,2019-11-26
OJ2470,Denver,Kitchen,75536193,$96,$70.08,$4.8,$91.2,2019-11-26
XV5488,Washington,Kitchen,58647460,$68,$51,$2.04,$65.96,2019-11-26
OJ9422,Denver,Fashion,60402526,$74,$51.8,$6.66,$67.34,2019-11-26
XV7687,Washington%,Kitchen,68167114,$78,$56.16,$5.46,$72.54,2019-11-26
OJ2470,Denver(,Electronics,56290893,$36,$21.96,$2.88,$33.12,2019-11-26
XV5324,Washington%,Cosmetics,30239562N,$97,$60.14,$3.88,$93.12,2019-11-26
OJ2470,Denver,Electronics,21947631,$46,$31.28,$1.38,$44.62,2019-11-26
BE4797,Houston+,Groceries,82397155T,$26,$17.94,$2.6,$23.4,2019-11-26
YR7220,New York%,Electronics,37012634H,$71,$46.15,$4.97,$66.03,2019-11-26
BE6693,Houston,Education,90774230],$75,$51,$5.25,$69.75,2019-11-26
XV7687,Washington*,Furniture,27712707,$26,$16.64,$1.56,$24.44,2019-11-26
GQ5488,Miami*,Education,30648803,$45,$33.75,$1.8,$43.2,2019-11-26
OJ5085,Denver,Electronics,99082641B,$69,$44.85,$5.52,$63.48,2019-11-26
YR6083,New York,Groceries,78197631E,$20,$14.2,$1.2,$18.8,2019-11-26
XV4868,Washington,Cosmetics,83811645\,$29,$17.98,$1.45,$27.55,2019-11-26
XV6693,Washington,Groceries,25853271,$84,$62.16,$6.72,$77.28,2019-11-26
BE9667,Houston,Groceries,42351989,$81,$57.51,$7.29,$73.71,2019-11-26
GQ1780,Miami(,Groceries,17750854,$67,$42.21,$5.36,$61.64,2019-11-26
OJ5865,Denver,Furniture,79381408,$95,$57,$5.7,$89.3,2019-11-26
YR6068,New York,Cosmetics,11148071,$60,$43.8,$1.2,$58.8,2019-11-26
GQ4201,Miami,Kitchen,29964904,$83,$59.76,$4.98,$78.02,2019-11-26
XV4304,Washington$,Education,34178161,$11,$7.81,$0.55,$10.45,2019-11-26
OJ1343,Denver,Cosmetics,99390258F,$86,$52.46,$6.02,$79.98,2019-11-26
XV1054,Washington(,Groceries,46345520K,$44,$32.56,$3.08,$40.92,2019-11-26
OJ8867,Denver,Groceries,83114013,$53,$39.75,$3.18,$49.82,2019-11-26
BE1054,Houston(,Groceries,46345520K,$44,$32.56,$3.08,$40.92,2019-11-26
XV7388,Washington$,Education,34414367A,$81,$54.27,$1.62,$79.38,2019-11-26
GQ9568,Miami,Furniture,49207458,$61,$45.14,$3.05,$57.95,2019-11-26
XV7687,Washington%,Kitchen,68167114,$78,$56.16,$5.46,$72.54,2019-11-26
GQ7785,Miami,Groceries,87481079,$62,$42.16,$5.58,$56.42,2019-11-26
XV7397,Washington,Cosmetics,24010314,$62,$46.5,$6.2,$55.8,2019-11-26
GQ5324,Miami,Furniture,41275329,$88,$64.24,$6.16,$81.84,2019-11-26
BE2494,Houston(,Furniture,27306213,$33,$23.76,$2.97,$30.03,2019-11-26
XV7397,Washington,Cosmetics,55626220Q,$15,$10.5,$0.75,$14.25,2019-11-26
YR6095,New York!,Education,48820190H,$88,$61.6,$8.8,$79.2,2019-11-26
YR4098,New York+,Furniture,28176879O,$21,$13.65,$0.63,$20.37,2019-11-26
YR5698,New York,Education,35285034,$53,$39.22,$4.24,$48.76,2019-11-26
OJ7592,Denver,Kitchen,98997497,$28,$17.08,$0.84,$27.16,2019-11-26
BE3513,Houston,Fashion,71559143N,$77,$55.44,$3.85,$73.15,2019-11-26
OJ2461,Denver&,Furniture,20118408,$41,$29.11,$1.23,$39.77,2019-11-26
GQ8391,Miami ,Kitchen,17341613,$75,$48,$3.75,$71.25,2019-11-26
XV3766,Washington,Fashion,24622802P,$45,$27.9,$2.25,$42.75,2019-11-26
GQ9784,Miami ,Groceries,57521362\,$79,$51.35,$6.32,$72.68,2019-11-26
BE6167,Houston,Groceries,38292541L,$17,$11.05,$1.7,$15.3,2019-11-26
YR4368,New York(,Education,71572875P,$13,$8.19,$1.17,$11.83,2019-11-26
XV5000,Washington,Cosmetics,64942626M,$38,$24.7,$3.04,$34.96,2019-11-26
BE2612,Houston(,Cosmetics,60778808,$44,$32.56,$3.52,$40.48,2019-11-26
YR1393,New York#,Furniture,65623779,$56,$36.4,$1.68,$54.32,2019-11-26
YR5190,New York,Fashion,69479980H,$34,$20.4,$0.68,$33.32,2019-11-26
YR4591,"New York""",Cosmetics,95789489,$46,$34.5,$3.22,$42.78,2019-11-26
BE4691,Houston(,Kitchen,27899475U,$21,$14.91,$1.47,$19.53,2019-11-26
GQ6177,Miami,Electronics,30920715,$87,$56.55,$8.7,$78.3,2019-11-26
XV3766,Washington,Cosmetics,78285522X,$90,$63,$5.4,$84.6,2019-11-26
XV4211,Washington,Kitchen,40662841O,$82,$52.48,$1.64,$80.36,2019-11-26
YR8867,New York',Fashion,29077758,$60,$43.2,$1.8,$58.2,2019-11-26
GQ1780,Miami,Groceries,37284545V,$79,$52.93,$6.32,$72.68,2019-11-26
GQ3700,Miami&,Groceries,66373596\,$73,$45.99,$1.46,$71.54,2019-11-26
OJ9992,Denver,Fashion,95819702,$52,$36.4,$1.56,$50.44,2019-11-26
GQ5000,Miami',Furniture,58411254X,$66,$46.2,$5.94,$60.06,2019-11-26
GQ9784,Miami,Groceries,83792419,$66,$46.86,$5.94,$60.06,2019-11-26
GQ8207,Miami,Cosmetics,37388916P,$54,$32.4,$4.86,$49.14,2019-11-26
GQ8391,Miami,Electronics,74344177V,$41,$27.88,$1.64,$39.36,2019-11-26
OJ4468,Denver,Education,23680725,$70,$42.7,$2.8,$67.2,2019-11-26
XV3360,Washington#,Furniture,84171447],$79,$54.51,$7.9,$71.1,2019-11-26
XV8531,Washington',Cosmetics,50882873F,$73,$49.64,$1.46,$71.54,2019-11-26
BE9002,Houston,Fashion,66799316,$36,$24.84,$1.08,$34.92,2019-11-26
GQ7896,Miami*,Cosmetics,19865722,$11,$7.7,$1.1,$9.9,2019-11-26
GQ1780,Miami ,Fashion,68419799T,$23,$14.49,$0.92,$22.08,2019-11-26
XV7785,Washington,Kitchen,74341430,$68,$47.6,$6.8,$61.2,2019-11-26
XV2889,Washington&,Cosmetics,25699462L,$16,$10.08,$0.48,$15.52,2019-11-26
BE2612,Houston&,Electronics,55832214,$56,$36.4,$5.6,$50.4,2019-11-26
YR7896,New York,Education,59136352,$16,$10.24,$1.12,$14.88,2019-11-26
GQ5488,Miami,Education,81595153,$28,$20.72,$1.4,$26.6,2019-11-26
BE5249,Houston%,Education,17443237D,$64,$40.32,$3.84,$60.16,2019-11-26
GQ5000,Miami&,Kitchen,84426879C,$32,$22.72,$1.28,$30.72,2019-11-26
XV5000,Washington,Education,14012756N,$61,$39.04,$3.05,$57.95,2019-11-26
GQ7679,Miami,Fashion,28533935,$74,$55.5,$4.44,$69.56,2019-11-26
GQ5000,Miami$,Electronics,46480102O,$12,$7.56,$0.6,$11.4,2019-11-26
OJ9422,Denver%,Education,97319335,$40,$28,$2,$38,2019-11-26
XV4721,Washington*,Cosmetics,63322143,$66,$42.24,$1.98,$64.02,2019-11-26
BE4659,Houston,Electronics,48545532,$34,$21.08,$1.7,$32.3,2019-11-26
BE3513,Houston ,Fashion,81982421O,$98,$64.68,$1.96,$96.04,2019-11-26
OJ2536,Denver,Groceries,38358459K,$93,$66.96,$5.58,$87.42,2019-11-26
XV3766,Washington,Education,16635742,$24,$15.84,$1.92,$22.08,2019-11-26
OJ3977,Denver,Education,48353271E,$43,$26.23,$2.58,$40.42,2019-11-26
GQ8275,Miami,Kitchen,20566101X,$24,$17.04,$0.72,$23.28,2019-11-26
OJ4886,Denver,Electronics,33293762[,$42,$28.14,$0.84,$41.16,2019-11-26
YR7896,New York,Electronics,50509338,$44,$28.6,$4.4,$39.6,2019-11-26
XV9784,Washington!,Electronics,88725280`,$53,$32.33,$2.12,$50.88,2019-11-26
XV7785,Washington,Furniture,35930480^,$42,$29.4,$4.2,$37.8,2019-11-26
GQ4721,Miami,Education,91403198,$85,$63.75,$6.8,$78.2,2019-11-26
YR5005,New York,Groceries,78282775,$30,$18.3,$2.4,$27.6,2019-11-26
XV7785,Washington(,Electronics,83624877[,$51,$33.66,$4.59,$46.41,2019-11-26
XV5488,Washington+,Cosmetics,78249816B,$10,$6.6,$0.7,$9.3,2019-11-26
OJ4468,Denver',Kitchen,96830444\,$92,$68.08,$3.68,$88.32,2019-11-26
YR8558,New York,Furniture,44972229,$31,$21.7,$0.93,$30.07,2019-11-26
XV3949,Washington&,Groceries,94234924\,$63,$41.58,$3.15,$59.85,2019-11-26
BE3513,Houston,Fashion,54206237,$77,$47.74,$5.39,$71.61,2019-11-26
OJ8558,Denver(,Groceries,83998413],$29,$21.46,$0.58,$28.42,2019-11-26
XV2889,Washington+,Fashion,35716247,$94,$66.74,$3.76,$90.24,2019-11-26
OJ5020,Denver,Electronics,81883544A,$39,$25.35,$3.51,$35.49,2019-11-26
GQ8275,Miami,Fashion,65198059S,$68,$49.64,$4.76,$63.24,2019-11-26
XV3613,Washington+,Furniture,98063659,$42,$29.82,$3.36,$38.64,2019-11-26
YR6068,"New York""",Cosmetics,91730041X,$90,$56.7,$8.1,$81.9,2019-11-26
YR8867,New York,Fashion,50418701K,$90,$63,$3.6,$86.4,2019-11-26
XV8531,Washington,Fashion,94438171E,$100,$70,$6,$94,2019-11-26
BE7495,Houston,Cosmetics,54892883,$38,$28.5,$3.04,$34.96,2019-11-26
BE2612,Houston(,Cosmetics,60778808,$44,$32.56,$3.52,$40.48,2019-11-26
GQ7896,Miami,Cosmetics,80570678,$37,$22.94,$3.33,$33.67,2019-11-26
YR4165,New York%,Kitchen,87873840A,$57,$35.34,$2.28,$54.72,2019-11-26
YR8930,New York$,Fashion,64494934,$56,$36.4,$4.48,$51.52,2019-11-26
XV7837,Washington+,Groceries,95190734W,$99,$62.37,$1.98,$97.02,2019-11-26
XV6177,Washington),Furniture,83594665S,$32,$24,$2.56,$29.44,2019-11-26
OJ2470,Denver ,Furniture,57513122I,$16,$10.56,$1.28,$14.72,2019-11-26
YR6068,New York',Kitchen,67722167,$95,$59.85,$3.8,$91.2,2019-11-26
BE3466,Houston,Education,75434570S,$51,$34.17,$1.53,$49.47,2019-11-26
XV8531,Washington,Education,93279113C,$16,$11.68,$0.8,$15.2,2019-11-26
XV7679,Washington,Cosmetics,68268737H,$54,$39.96,$1.08,$52.92,2019-11-26
XV3375,Washington,Kitchen,81490783,$26,$18.2,$2.6,$23.4,2019-11-26
GQ9387,Miami,Furniture,13100891^,$99,$69.3,$2.97,$96.03,2019-11-26
BE1054,Houston$,Furniture,89159240,$10,$6.5,$0.6,$9.4,2019-11-26
YR8473,New York,Furniture,66054992^,$43,$30.96,$0.86,$42.14,2019-11-26
GQ5000,Miami!,Cosmetics,78950195V,$93,$57.66,$9.3,$83.7,2019-11-26
GQ9568,Miami*,Electronics,76236572,$39,$27.3,$3.51,$35.49,2019-11-26
BE4691,Houston#,Kitchen,52385253,$70,$48.3,$3.5,$66.5,2019-11-26
YR4165,New York&,Education,69389343N,$43,$29.67,$1.72,$41.28,2019-11-26
YR6068,New York(,Electronics,92293090A,$62,$39.68,$5.58,$56.42,2019-11-26
OJ8079,Denver,Education,38888549E,$55,$40.15,$1.1,$53.9,2019-11-26
GQ1780,Miami,Electronics,14490661,$78,$55.38,$7.8,$70.2,2019-11-26
YR4165,New York*,Fashion,53796997D,$54,$34.56,$1.62,$52.38,2019-11-26
OJ1343,Denver,Fashion,55524597,$46,$32.2,$2.76,$43.24,2019-11-26
YR8837,New York,Fashion,56853942Y,$82,$54.12,$5.74,$76.26,2019-11-26
XV8531,Washington&,Fashion,29846801],$33,$22.11,$1.98,$31.02,2019-11-26
YR4226,New York,Groceries,34724731L,$61,$40.87,$1.83,$59.17,2019-11-26
XV1054,Washington$,Furniture,89159240,$10,$6.5,$0.6,$9.4,2019-11-26
YR5698,New York*,Cosmetics,49707336,$80,$58.4,$3.2,$76.8,2019-11-26
GQ7785,Miami,Electronics,90620422,$70,$51.1,$6.3,$63.7,2019-11-26
YR6068,New York',Furniture,36965942X,$17,$12.75,$1.19,$15.81,2019-11-26
YR1393,New York(,Electronics,46839904,$45,$27,$4.05,$40.95,2019-11-26
YR7896,New York,Electronics,81356201N,$76,$53.96,$7.6,$68.4,2019-11-26
XV4758,Washington*,Furniture,66230773E,$42,$31.5,$2.1,$39.9,2019-11-26
OJ9422,Denver',Cosmetics,16795043,$25,$17.25,$1.75,$23.25,2019-11-26
XV7785,Washington,Education,82322998A,$24,$14.4,$2.16,$21.84,2019-11-26
OJ9269,Denver#,Cosmetics,20137634R,$31,$18.6,$2.48,$28.52,2019-11-26
BE6693,Houston',Groceries,89340515,$57,$34.77,$5.13,$51.87,2019-11-26
BE9451,Houston',Cosmetics,40338745C,$20,$12,$0.4,$19.6,2019-11-26
XV5249,Washington%,Education,17443237D,$64,$40.32,$3.84,$60.16,2019-11-26
YR8837,New York,Furniture,60213012,$99,$60.39,$8.91,$90.09,2019-11-26
OJ5085,Denver),Education,96401977W,$88,$53.68,$2.64,$85.36,2019-11-26
XV3613,Washington,Electronics,64003295Z,$83,$53.95,$5.81,$77.19,2019-11-26
OJ5005,"Denver""",Kitchen,46633911,$95,$61.75,$3.8,$91.2,2019-11-26
BE5249,Houston,Groceries,47625427P,$37,$25.9,$1.85,$35.15,2019-11-26
BE9225,Houston,Fashion,93910827R,$45,$27,$2.7,$42.3,2019-11-26
YR6083,New York!,Furniture,30365905],$93,$63.24,$1.86,$91.14,2019-11-26
YR4226,"New York""",Furniture,31253051,$81,$58.32,$4.86,$76.14,2019-11-26
XV3360,Washington,Cosmetics,88077087J,$90,$63.9,$7.2,$82.8,2019-11-26
XV3360,Washington#,Furniture,84171447],$79,$54.51,$7.9,$71.1,2019-11-26
XV9568,Washington,Electronics,42214660A,$71,$46.86,$3.55,$67.45,2019-11-26
XV3949,Washington,Furniture,45587463,$53,$33.92,$3.71,$49.29,2019-11-26
OJ8079,Denver+,Electronics,59037475,$100,$71,$2,$98,2019-11-26
BE1377,Houston$,Cosmetics,35186157,$40,$28,$2.8,$37.2,2019-11-26
YR3217,New York+,Electronics,33788146,$14,$10.36,$1.26,$12.74,2019-11-26
XV1054,Washington$,Groceries,36312255T,$79,$54.51,$3.16,$75.84,2019-11-26
YR5986,New York,Cosmetics,33343200,$24,$17.28,$1.92,$22.08,2019-11-26
BE9002,Houston,Electronics,43068847,$61,$42.09,$1.22,$59.78,2019-11-26
XV2163,Washington&,Furniture,79911499\,$49,$33.81,$4.9,$44.1,2019-11-26
BE3684,Houston,Furniture,58188781,$50,$35.5,$5,$45,2019-11-26
OJ6529,Denver(,Education,15473937F,$96,$57.6,$4.8,$91.2,2019-11-26
XV6693,Washington ,Furniture,53360290J,$78,$53.82,$1.56,$76.44,2019-11-26
BE9628,Houston+,Education,58029479,$71,$51.83,$6.39,$64.61,2019-11-26
BE5386,Houston*,Electronics,90722045`,$79,$52.14,$7.11,$71.89,2019-11-26
OJ1393,Denver,Education,80499267A,$10,$7.2,$0.6,$9.4,2019-11-26
XV4797,Washington),Fashion,95635681D,$47,$34.78,$1.41,$45.59,2019-11-26
BE5386,Houston,Cosmetics,69122924,$57,$41.04,$3.99,$53.01,2019-11-26
GQ6095,Miami ,Electronics,48358764,$42,$31.5,$3.78,$38.22,2019-11-26
BE4797,Houston#,Electronics,23532409S,$81,$55.08,$4.05,$76.95,2019-11-26
YR8837,New York#,Groceries,21211547,$50,$30.5,$4,$46,2019-11-26
BE5092,Houston,Groceries,56886901,$68,$43.52,$3.4,$64.6,2019-11-26
OJ2461,Denver,Electronics,21623535,$49,$34.3,$3.43,$45.57,2019-11-26
BE3684,Houston,Kitchen,15515136,$69,$45.54,$3.45,$65.55,2019-11-26
OJ9422,"Denver""",Fashion,43901062W,$18,$12.42,$0.72,$17.28,2019-11-26
XV1054,Washington,Education,46015930S,$62,$40.3,$4.34,$57.66,2019-11-26
BE3513,Houston),Groceries,40695800,$74,$50.32,$3.7,$70.3,2019-11-26
YR7896,New York ,Electronics,61649475,$15,$9,$1.05,$13.95,2019-11-26
GQ7896,Miami',Furniture,22285461\,$61,$41.48,$6.1,$54.9,2019-11-26
YR8867,New York ,Groceries,38699035],$27,$17.55,$2.7,$24.3,2019-11-26
YR1393,New York,Furniture,78930969,$24,$17.52,$2.4,$21.6,2019-11-26
YR4098,New York,Cosmetics,22255249T,$71,$49.7,$7.1,$63.9,2019-11-26
OJ2039,Denver(,Groceries,45131530,$94,$57.34,$3.76,$90.24,2019-11-26
OJ8867,Denver,Furniture,68853759,$14,$8.54,$0.56,$13.44,2019-11-26
XV4868,Washington+,Electronics,74684753,$50,$34,$3,$47,2019-11-26
GQ9568,Miami,Kitchen,79205627[,$50,$34.5,$4.5,$45.5,2019-11-26
BE7565,Houston,Kitchen,90928039,$81,$57.51,$1.62,$79.38,2019-11-26
YR6219,New York#,Cosmetics,36705017D,$52,$33.28,$1.04,$50.96,2019-11-26
GQ3170,Miami(,Groceries,38067321O,$45,$29.7,$3.6,$41.4,2019-11-26
BE5613,Houston ,Fashion,52621459Z,$95,$63.65,$6.65,$88.35,2019-11-26
XV5324,Washington ,Electronics,63780822,$46,$27.6,$4.6,$41.4,2019-11-26
OJ6529,Denver(,Groceries,17731628Z,$88,$53.68,$5.28,$82.72,2019-11-26
BE2494,Houston+,Electronics,48630676,$67,$40.87,$6.7,$60.3,2019-11-26
XV7785,Washington,Fashion,31041564,$75,$52.5,$6,$69,2019-11-26
YR5190,New York$,Cosmetics,14457702[,$22,$14.08,$1.1,$20.9,2019-11-26
GQ8531,Miami',Cosmetics,50882873F,$73,$49.64,$1.46,$71.54,2019-11-26
YR1393,New York,Cosmetics,49484863F,$43,$29.24,$3.01,$39.99,2019-11-26
GQ6177,Miami+,Kitchen,74855041A,$50,$37,$5,$45,2019-11-26
YR5698,New York(,Fashion,49740295L,$94,$62.04,$3.76,$90.24,2019-11-26
GQ1780,Miami,Electronics,17391052G,$63,$38.43,$5.04,$57.96,2019-11-26
XV7679,Washington,Cosmetics,96778259^,$80,$58.4,$1.6,$78.4,2019-11-26
BE5613,Houston*,Kitchen,14045715,$53,$36.04,$3.71,$49.29,2019-11-26
GQ1780,Miami+,Cosmetics,79018859Z,$11,$8.25,$0.33,$10.67,2019-11-26
YR6083,New York,Cosmetics,37388916P,$54,$32.4,$4.86,$49.14,2019-11-26
YR3217,New York+,Groceries,72652282,$86,$53.32,$8.6,$77.4,2019-11-26
YR8129,New York,Electronics,15616760],$37,$26.27,$2.96,$34.04,2019-11-26
BE3513,Houston,Fashion,54206237,$77,$47.74,$5.39,$71.61,2019-11-26
YR6095,New York+,Education,71748657,$32,$23.36,$2.88,$29.12,2019-11-26
OJ9922,Denver,Kitchen,94918823I,$74,$54.76,$5.92,$68.08,2019-11-26
YR4165,"New York""",Electronics,50679626],$95,$62.7,$1.9,$93.1,2019-11-26
XV4211,Washington+,Fashion,34573669`,$57,$39.9,$4.56,$52.44,2019-11-26
XV5249,Washington,Furniture,34999389,$23,$14.26,$2.3,$20.7,2019-11-26
BE4797,Houston#,Electronics,23532409S,$81,$55.08,$4.05,$76.95,2019-11-26
YR4591,New York,Furniture,15097656^,$72,$46.8,$6.48,$65.52,2019-11-26
BE3466,Houston,Groceries,16078186,$90,$66.6,$2.7,$87.3,2019-11-26
YR1393,New York,Electronics,43445129,$59,$40.71,$2.95,$56.05,2019-11-26
BE6167,Houston',Electronics,99167785,$49,$35.77,$4.9,$44.1,2019-11-26
OJ8807,Denver,Cosmetics,98706359Z,$69,$48.3,$4.14,$64.86,2019-11-26
GQ7785,Miami%,Electronics,85962219N,$76,$50.92,$6.84,$69.16,2019-11-26
BE7565,Houston,Kitchen,48836669P,$17,$12.07,$1.02,$15.98,2019-11-26
GQ3700,"Miami""",Cosmetics,95789489,$46,$34.5,$3.22,$42.78,2019-11-26
XV6177,Washington,Furniture,35452575,$46,$29.9,$1.38,$44.62,2019-11-26
XV3375,Washington),Kitchen,60130615,$18,$10.98,$1.26,$16.74,2019-11-26
XV5000,Washington,Groceries,47809448,$24,$14.88,$0.72,$23.28,2019-11-26
BE2889,Houston,Kitchen,57963562,$60,$37.2,$4.2,$55.8,2019-11-26
XV8531,Washington,Groceries,71408081C,$23,$16.79,$1.61,$21.39,2019-11-26
XV4868,Washington,Cosmetics,89579467,$93,$56.73,$9.3,$83.7,2019-11-26
XV2889,Washington,Fashion,29915466B,$40,$28,$3.2,$36.8,2019-11-26
OJ2536,Denver,Furniture,66502685S,$25,$18,$0.5,$24.5,2019-11-26
GQ8275,Miami,Fashion,77362670N,$40,$25.6,$2.8,$37.2,2019-11-26
XV4797,Washington%,Groceries,65656738A,$46,$31.74,$4.14,$41.86,2019-11-26
XV7687,Washington,Education,60556335\,$97,$66.93,$1.94,$95.06,2019-11-26
OJ5020,"Denver""",Kitchen,28462524^,$84,$61.32,$5.88,$78.12,2019-11-26
BE9002,Houston#,Education,11859436V,$32,$21.44,$2.88,$29.12,2019-11-26
YR3217,New York',Groceries,25663757V,$76,$47.12,$6.08,$69.92,2019-11-26
OJ1393,Denver(,Groceries,35801391H,$82,$54.12,$5.74,$76.26,2019-11-26
BE7495,Houston,Kitchen,75879516`,$34,$20.4,$2.04,$31.96,2019-11-26
GQ5000,Miami,Electronics,98860168,$54,$38.88,$5.4,$48.6,2019-11-26
OJ9922,Denver',Education,57672424H,$83,$56.44,$4.15,$78.85,2019-11-26
YR4591,New York,Groceries,86437377D,$31,$21.7,$1.55,$29.45,2019-11-26
YR4591,New York,Kitchen,75349426,$74,$48.1,$1.48,$72.52,2019-11-26
GQ8207,"Miami""",Electronics,50679626],$95,$62.7,$1.9,$93.1,2019-11-26
YR8737,New York,Kitchen,25084228E,$24,$15.6,$2.16,$21.84,2019-11-26
YR8867,New York!,Electronics,19440002D,$90,$62.1,$9,$81,2019-11-26
XV2163,Washington*,Education,50814208A,$63,$44.73,$5.67,$57.33,2019-11-26
OJ2536,Denver',Fashion,82512512,$69,$42.09,$2.76,$66.24,2019-11-26
YR1632,New York,Education,43560485D,$18,$13.32,$0.54,$17.46,2019-11-26
BE1512,Houston,Electronics,41533508,$50,$34,$3.5,$46.5,2019-11-26
BE1377,Houston*,Electronics,91079101,$92,$67.16,$9.2,$82.8,2019-11-26
XV2437,Washington,Cosmetics,39896545\,$85,$60.35,$4.25,$80.75,2019-11-26
XV1461,Washington%,Cosmetics,38701782,$10,$6.3,$0.5,$9.5,2019-11-26
YR7220,New York,Electronics,12084655S,$72,$48.24,$6.48,$65.52,2019-11-26
GQ4201,Miami*,Kitchen,18209533,$48,$36,$2.88,$45.12,2019-11-26
XV5324,Washington$,Fashion,15207519F,$29,$20.3,$1.74,$27.26,2019-11-26
XV7785,Washington,Electronics,25051269,$40,$28.4,$3.6,$36.4,2019-11-26
XV3360,Washington,Kitchen,49995727R,$10,$6.9,$0.6,$9.4,2019-11-26
YR8558,New York,Furniture,14194030A,$17,$10.2,$1.36,$15.64,2019-11-26
OJ2536,Denver,Groceries,91013183\,$17,$11.22,$0.85,$16.15,2019-11-26
YR4591,New York$,Kitchen,81117248O,$27,$19.71,$2.16,$24.84,2019-11-26
YR6095,New York(,Groceries,44656372,$27,$19.17,$1.35,$25.65,2019-11-26
BE7565,Houston%,Cosmetics,51344299[,$56,$33.6,$5.6,$50.4,2019-11-26
YR6219,New York),Education,86816406,$30,$21.6,$1.2,$28.8,2019-11-26
GQ8870,Miami,Kitchen,50696105E,$23,$16.1,$1.84,$21.16,2019-11-26
OJ8445,Denver*,Groceries,77532958G,$73,$52.56,$2.92,$70.08,2019-11-26
GQ2163,Miami(,Fashion,41720275,$99,$59.4,$7.92,$91.08,2019-11-26
OJ9992,Denver#,Groceries,50643920H,$64,$41.6,$4.48,$59.52,2019-11-26
YR8930,New York,Kitchen,60147094E,$14,$9.94,$1.12,$12.88,2019-11-26
XV6365,Washington*,Groceries,76783142\,$67,$44.22,$2.68,$64.32,2019-11-26
XV1461,Washington*,Electronics,56444702`,$58,$41.76,$2.9,$55.1,2019-11-26
OJ9922,Denver%,Furniture,34018859K,$57,$38.19,$4.56,$52.44,2019-11-26
XV3375,Washington$,Education,40149230,$24,$17.52,$1.68,$22.32,2019-11-26
BE5092,Houston*,Electronics,61341857,$89,$56.07,$7.12,$81.88,2019-11-26
GQ4211,Miami,Electronics,85841369,$49,$30.38,$4.9,$44.1,2019-11-26
YR4098,New York,Groceries,98431701,$55,$37.95,$5.5,$49.5,2019-11-26
OJ8558,Denver%,Groceries,22046508,$30,$20.4,$2.1,$27.9,2019-11-26
GQ6177,Miami,Groceries,80348205W,$46,$33.58,$3.68,$42.32,2019-11-26
XV8870,Washington,Education,47174987U,$55,$34.1,$3.85,$51.15,2019-11-26
GQ1461,Miami$,Furniture,52588500,$21,$15.33,$0.84,$20.16,2019-11-26
YR1632,New York,Education,43560485D,$18,$13.32,$0.54,$17.46,2019-11-26
XV8391,Washington ,Furniture,51555786,$88,$52.8,$7.92,$80.08,2019-11-26
BE2889,Houston*,Fashion,29316711,$94,$65.8,$9.4,$84.6,2019-11-26
YR5986,New York,Fashion,15973815,$87,$60.9,$6.09,$80.91,2019-11-26
YR4226,New York$,Education,56274414G,$59,$38.94,$1.77,$57.23,2019-11-26
GQ9568,Miami%,Cosmetics,38325500,$10,$6.8,$0.3,$9.7,2019-11-26
BE7495,Houston',Fashion,21145629I,$42,$30.24,$3.36,$38.64,2019-11-26
BE9225,Houston%,Furniture,54338073Y,$70,$51.8,$7,$63,2019-11-26
YR3217,New York,Groceries,13381042_,$31,$18.91,$1.24,$29.76,2019-11-26
XV2437,Washington ,Kitchen,92718811,$60,$45,$2.4,$57.6,2019-11-26
YR8867,New York ,Education,17185058,$22,$14.74,$0.66,$21.34,2019-11-26
BE2494,Houston,Electronics,10856933L,$95,$67.45,$6.65,$88.35,2019-11-26
YR5986,New York!,Furniture,22560119,$88,$66,$2.64,$85.36,2019-11-26
XV7388,Washington,Fashion,97904357,$50,$31.5,$3.5,$46.5,2019-11-26
YR4165,New York,Fashion,36718750E,$34,$24.14,$1.02,$32.98,2019-11-26
YR5253,New York ,Education,97802734],$72,$49.68,$7.2,$64.8,2019-11-26
OJ4468,Denver#,Cosmetics,94339294X,$12,$7.68,$0.24,$11.76,2019-11-26
BE3766,Houston(,Groceries,73080749Y,$89,$64.97,$8.9,$80.1,2019-11-26
OJ5005,Denver+,Kitchen,30442810W,$75,$48,$3,$72,2019-11-26
OJ2470,Denver+,Fashion,14573059,$16,$9.92,$0.96,$15.04,2019-11-26
YR7896,New York),Electronics,28619079W,$99,$69.3,$6.93,$92.07,2019-11-26
OJ8079,Denver$,Kitchen,95773010,$50,$32.5,$3,$47,2019-11-26
XV4304,Washington,Education,42420654,$68,$49.64,$6.8,$61.2,2019-11-26
YR6095,New York!,Cosmetics,82243347,$44,$29.04,$4.4,$39.6,2019-11-26
BE4659,Houston ,Kitchen,20173339,$28,$18.48,$2.8,$25.2,2019-11-26
YR1475,New York,Kitchen,26723937J,$83,$54.78,$1.66,$81.34,2019-11-26
XV4211,Washington,Education,23889465,$74,$51.8,$2.22,$71.78,2019-11-26
XV4304,Washington*,Electronics,90722045`,$79,$52.14,$7.11,$71.89,2019-11-26
YR5190,New York&,Fashion,52091369,$50,$37.5,$4.5,$45.5,2019-11-26
YR8837,New York,Furniture,26199340,$62,$44.64,$5.58,$56.42,2019-11-26
OJ8079,Denver,Electronics,97000732,$46,$33.58,$4.6,$41.4,2019-11-26
XV6693,"Washington""",Groceries,42008666R,$32,$19.84,$1.6,$30.4,2019-11-26
BE2494,Houston,Electronics,65898437F,$80,$59.2,$7.2,$72.8,2019-11-26
BE9628,Houston,Cosmetics,10071411,$68,$51,$6.12,$61.88,2019-11-26
XV4797,Washington,Education,86552734Z,$94,$69.56,$3.76,$90.24,2019-11-26
GQ6095,Miami,Kitchen,43988952J,$97,$70.81,$4.85,$92.15,2019-11-26
GQ3106,Miami,Education,84866333C,$47,$31.49,$1.88,$45.12,2019-11-26
OJ1343,Denver,Kitchen,90689086Q,$96,$57.6,$3.84,$92.16,2019-11-26
GQ7785,Miami,Fashion,76560668,$88,$59.84,$8.8,$79.2,2019-11-26
YR8558,New York,Kitchen,20189819O,$24,$14.4,$0.48,$23.52,2019-11-26
YR6083,New York,Fashion,65027770,$45,$33.3,$1.35,$43.65,2019-11-26
OJ5020,Denver,Groceries,90142517O,$46,$29.9,$2.76,$43.24,2019-11-26
GQ9524,Miami,Kitchen,54447937,$53,$38.69,$2.12,$50.88,2019-11-26
YR8558,New York,Kitchen,39127502C,$89,$64.08,$8.9,$80.1,2019-11-26
XV6693,Washington&,Furniture,91219177K,$93,$55.8,$3.72,$89.28,2019-11-26
XV9784,Washington#,Kitchen,53560791,$59,$35.4,$4.13,$54.87,2019-11-26
GQ8870,Miami,Education,27742919,$20,$14.8,$2,$18,2019-11-26
YR6083,New York,Groceries,78197631E,$20,$14.2,$1.2,$18.8,2019-11-26
XV7397,Washington%,Furniture,18583068,$48,$30.24,$4.8,$43.2,2019-11-26
BE4659,Houston,Groceries,38358459K,$93,$66.96,$5.58,$87.42,2019-11-26
XV4797,Washington',Groceries,47504577M,$58,$42.92,$2.32,$55.68,2019-11-26
YR5253,New York,Furniture,17102661,$81,$56.7,$5.67,$75.33,2019-11-26
XV2437,Washington&,Cosmetics,81424865S,$46,$34.04,$2.3,$43.7,2019-11-26
YR5190,New York,Groceries,28498229,$59,$43.66,$1.77,$57.23,2019-11-26
OJ2470,Denver ,Furniture,57513122I,$16,$10.56,$1.28,$14.72,2019-11-26
OJ3977,Denver,Electronics,86387939,$83,$58.1,$2.49,$80.51,2019-11-26
XV8391,Washington#,Electronics,55917358M,$26,$18.46,$2.6,$23.4,2019-11-26
XV3949,Washington(,Cosmetics,87788696,$68,$51,$4.08,$63.92,2019-11-26
OJ2039,Denver,Fashion,40182189K,$16,$9.6,$1.44,$14.56,2019-11-26
GQ6095,Miami(,Fashion,21126403Z,$47,$32.43,$1.41,$45.59,2019-11-26
XV1054,Washington',Education,55711364,$85,$52.7,$6.8,$78.2,2019-11-26
OJ7592,Denver&,Groceries,56735839,$20,$14,$0.4,$19.6,2019-11-26
YR2692,New York,Cosmetics,36688537\,$41,$30.34,$2.87,$38.13,2019-11-26
GQ4721,Miami*,Fashion,28943176A,$62,$42.78,$1.24,$60.76,2019-11-26
GQ6095,Miami!,Education,48820190H,$88,$61.6,$8.8,$79.2,2019-11-26
XV1461,Washington ,Kitchen,48306579,$55,$38.5,$4.95,$50.05,2019-11-26
OJ5085,Denver,Cosmetics,56991271,$70,$48.3,$6.3,$63.7,2019-11-26
XV8870,Washington+,Education,59441223D,$32,$23.68,$0.64,$31.36,2019-11-26
XV7785,Washington$,Electronics,49177246,$26,$18.72,$2.08,$23.92,2019-11-26
XV5488,Washington,Kitchen,93180236V,$40,$24.8,$3.2,$36.8,2019-11-26
GQ9524,Miami,Groceries,98431701,$55,$37.95,$5.5,$49.5,2019-11-26
BE2437,Houston,Education,69837036,$86,$60.2,$4.3,$81.7,2019-11-26
XV4211,Washington,Kitchen,10019226,$67,$48.91,$2.01,$64.99,2019-11-26
GQ6095,Miami,Cosmetics,71015319S,$27,$18.36,$1.08,$25.92,2019-11-26
BE5386,"Houston""",Education,82770690,$98,$58.8,$8.82,$89.18,2019-11-26
GQ8391,Miami(,Furniture,66488952,$29,$20.01,$2.03,$26.97,2019-11-26
YR1845,New York,Fashion,57622985,$77,$48.51,$5.39,$71.61,2019-11-26
YR8129,New York+,Groceries,45864868H,$65,$40.95,$1.3,$63.7,2019-11-26
XV3949,Washington,Furniture,64319152R,$98,$65.66,$7.84,$90.16,2019-11-26
OJ2955,Denver,Fashion,41871337,$81,$53.46,$1.62,$79.38,2019-11-26
GQ6177,Miami,Cosmetics,36996154`,$58,$41.18,$4.06,$53.94,2019-11-26
YR4591,New York*,Fashion,62481689Q,$10,$6.1,$0.2,$9.8,2019-11-26
OJ8558,Denver,Fashion,12373046H,$93,$58.59,$1.86,$91.14,2019-11-26
GQ9568,Miami,Groceries,58971557,$65,$47.45,$5.2,$59.8,2019-11-26
BE5613,Houston ,Cosmetics,20121154,$41,$25.42,$3.69,$37.31,2019-11-26
XV1461,Washington,Furniture,40728759,$54,$35.64,$2.16,$51.84,2019-11-26
YR4591,"New York""",Electronics,98110351A,$91,$63.7,$5.46,$85.54,2019-11-26
GQ3106,Miami*,Electronics,43359985,$67,$40.87,$1.34,$65.66,2019-11-26
XV7687,Washington,Education,66782836,$50,$34.5,$4.5,$45.5,2019-11-26
BE3466,Houston$,Fashion,53288879,$34,$25.16,$2.04,$31.96,2019-11-26
OJ7592,Denver%,Kitchen,84237365,$17,$12.07,$1.53,$15.47,2019-11-26
YR4098,New York+,Groceries,29519958,$44,$32.56,$3.52,$40.48,2019-11-26
YR1475,New York,Furniture,46101074,$24,$16.8,$0.72,$23.28,2019-11-26
OJ9992,Denver,Furniture,81265563,$36,$21.6,$2.88,$33.12,2019-11-26
YR4368,New York%,Groceries,44944763D,$60,$39.6,$5.4,$54.6,2019-11-26
BE5092,Houston!,Groceries,86492309H,$69,$50.37,$1.38,$67.62,2019-11-26
OJ3183,Denver',Electronics,11675415,$80,$54.4,$4.8,$75.2,2019-11-26
GQ4721,Miami!,Cosmetics,18687438T,$33,$24.42,$1.32,$31.68,2019-11-26
YR8867,New York,Furniture,68853759,$14,$8.54,$0.56,$13.44,2019-11-26
OJ1393,Denver#,Groceries,66475219,$32,$21.12,$0.96,$31.04,2019-11-26
XV5488,Washington,Kitchen,84512023P,$41,$26.24,$2.87,$38.13,2019-11-26
YR6068,New York,Electronics,77977905U,$73,$53.29,$5.11,$67.89,2019-11-26
XV4211,Washington,Fashion,15784301,$21,$13.02,$1.68,$19.32,2019-11-26
GQ9568,Miami+,Cosmetics,85399169D,$13,$8.58,$1.17,$11.83,2019-11-26
XV3949,Washington ,Electronics,91029663D,$98,$65.66,$5.88,$92.12,2019-11-26
OJ3977,Denver,Electronics,86387939,$83,$58.1,$2.49,$80.51,2019-11-26
OJ3977,Denver,Education,92235412,$59,$36.58,$4.72,$54.28,2019-11-26
BE9628,"Houston""",Education,28270263,$73,$51.1,$1.46,$71.54,2019-11-26
GQ5488,Miami&,Fashion,12375793,$92,$64.4,$7.36,$84.64,2019-11-26
OJ5085,Denver,Fashion,61479187G,$56,$42,$1.12,$54.88,2019-11-26
XV4758,Washington*,Furniture,66230773E,$42,$31.5,$2.1,$39.9,2019-11-26
XV3613,Washington),Electronics,76305236,$22,$15.18,$0.44,$21.56,2019-11-26
YR8834,New York),Groceries,82086791J,$47,$30.08,$3.76,$43.24,2019-11-26
YR4368,New York,Education,40794677,$88,$59.84,$7.92,$80.08,2019-11-26
YR1393,New York,Electronics,56104125,$52,$32.76,$3.12,$48.88,2019-11-26
XV2163,Washington',Kitchen,74239807Z,$12,$8.76,$0.84,$11.16,2019-11-26
YR5190,New York,Education,10683898L,$46,$29.44,$2.3,$43.7,2019-11-26
GQ9568,Miami(,Fashion,86555480,$93,$60.45,$9.3,$83.7,2019-11-26
XV5249,Washington,Electronics,89016418,$72,$49.68,$2.88,$69.12,2019-11-26
YR2692,New York,Education,77412109,$90,$64.8,$8.1,$81.9,2019-11-26
YR6219,New York,Education,99947814B,$42,$28.56,$1.26,$40.74,2019-11-26
YR1475,New York,Kitchen,56785278T,$99,$66.33,$5.94,$93.06,2019-11-26
GQ7896,Miami),Electronics,28619079W,$99,$69.3,$6.93,$92.07,2019-11-26
BE2494,Houston,Electronics,85075073Z,$87,$59.16,$5.22,$81.78,2019-11-26
XV7397,Washington%,Furniture,18583068,$48,$30.24,$4.8,$43.2,2019-11-26
XV1780,Washington,Furniture,28630065Q,$77,$55.44,$1.54,$75.46,2019-11-26
GQ1372,Miami,Kitchen,99697875I,$12,$8.88,$0.84,$11.16,2019-11-26
OJ2461,Denver,Fashion,46153259,$26,$18.72,$2.34,$23.66,2019-11-26
OJ7592,Denver&,Groceries,23002319,$72,$44.64,$6.48,$65.52,2019-11-26
OJ7592,Denver,Kitchen,20307922,$33,$20.46,$1.32,$31.68,2019-11-26
GQ7785,Miami,Furniture,79713745,$39,$28.86,$3.51,$35.49,2019-11-26
YR4165,New York,Fashion,36718750E,$34,$24.14,$1.02,$32.98,2019-11-26
YR4098,New York,Furniture,29948425,$97,$69.84,$2.91,$94.09,2019-11-26
XV2163,Washington,Fashion,43851623,$76,$53.2,$7.6,$68.4,2019-11-26
OJ2039,Denver,Electronics,28056030M,$34,$24.14,$1.7,$32.3,2019-11-26
OJ2039,Denver,Cosmetics,62484436,$28,$17.36,$1.96,$26.04,2019-11-26
YR7896,New York,Electronics,81356201N,$76,$53.96,$7.6,$68.4,2019-11-26
XV1461,Washington(,Cosmetics,41772460,$87,$55.68,$6.96,$80.04,2019-11-26
OJ5005,Denver,Education,41560974,$27,$18.63,$1.08,$25.92,2019-11-26
YR1475,New York$,Groceries,76593627U,$72,$52.56,$4.32,$67.68,2019-11-26
XV7397,Washington,Electronics,95602722,$100,$61,$7,$93,2019-11-26
GQ7896,Miami),Electronics,28619079W,$99,$69.3,$6.93,$92.07,2019-11-26
BE8164,"Houston""",Kitchen,78606872,$12,$8.4,$1.2,$10.8,2019-11-26
YR6068,New York,Kitchen,51992492,$53,$33.92,$4.24,$48.76,2019-11-26
XV1054,Washington$,Groceries,36312255T,$79,$54.51,$3.16,$75.84,2019-11-26
GQ1461,Miami,Furniture,65472717,$29,$17.69,$2.03,$26.97,2019-11-26
BE5092,Houston,Fashion,17187805^,$22,$16.28,$1.98,$20.02,2019-11-26
YR8837,New York),Groceries,41431884G,$76,$50.92,$3.04,$72.96,2019-11-26
BE2612,Houston,Groceries,37438354,$37,$25.9,$1.11,$35.89,2019-11-26
XV5000,Washington,Kitchen,18415527F,$89,$61.41,$1.78,$87.22,2019-11-26
BE1054,Houston',Furniture,28435058,$34,$24.82,$1.36,$32.64,2019-11-26
OJ3183,Denver+,Electronics,48512573D,$69,$48.3,$2.76,$66.24,2019-11-26
OJ6529,Denver ,Kitchen,68065490`,$41,$29.93,$2.87,$38.13,2019-11-26
YR8834,New York+,Groceries,13501892B,$77,$51.59,$6.16,$70.84,2019-11-26
GQ1461,"Miami""",Electronics,14899902B,$10,$7,$0.9,$9.1,2019-11-26
BE3513,Houston,Electronics,10499877,$67,$40.87,$6.7,$60.3,2019-11-26
GQ7679,Miami,Furniture,63901672,$94,$69.56,$7.52,$86.48,2019-11-26
OJ4886,Denver,Furniture,86714782_,$55,$38.5,$4.95,$50.05,2019-11-26
YR6083,New York+,Cosmetics,90859375,$54,$32.4,$5.4,$48.6,2019-11-26
XV4304,Washington ,Groceries,96882629,$55,$35.75,$1.65,$53.35,2019-11-26
GQ3170,Miami*,Groceries,61665954,$11,$7.59,$0.88,$10.12,2019-11-26
GQ1372,Miami+,Education,92188720F,$22,$14.52,$0.66,$21.34,2019-11-26
XV3949,Washington ,Education,54497375X,$46,$27.6,$3.22,$42.78,2019-11-26
OJ2039,Denver,Kitchen,60097656N,$26,$18.98,$1.04,$24.96,2019-11-26
XV4868,Washington+,Electronics,74684753,$50,$34,$3,$47,2019-11-26
XV1054,Washington),Fashion,75690002Y,$11,$8.25,$0.22,$10.78,2019-11-26
OJ9992,Denver,Cosmetics,13619995],$65,$48.75,$1.3,$63.7,2019-11-26
XV6693,Washington),Education,43151245,$26,$19.5,$2.08,$23.92,2019-11-26
BE2889,Houston,Kitchen,86983947,$76,$47.88,$6.08,$69.92,2019-11-26
BE2612,Houston*,Furniture,17462463,$46,$30.82,$3.22,$42.78,2019-11-26
GQ5000,Miami(,Groceries,30665283,$41,$28.29,$2.05,$38.95,2019-11-26
OJ4886,Denver(,Education,28001098,$47,$35.25,$3.76,$43.24,2019-11-26
XV5488,Washington,Groceries,52572021,$60,$43.8,$5.4,$54.6,2019-11-26
GQ7388,Miami+,Cosmetics,62058715Y,$18,$13.5,$0.54,$17.46,2019-11-26
XV7785,Washington,Cosmetics,85432128,$79,$48.19,$7.11,$71.89,2019-11-26
XV4797,Washington,Groceries,11708374J,$72,$51.84,$5.76,$66.24,2019-11-26
BE7565,Houston,Kitchen,22425537N,$30,$21,$1.8,$28.2,2019-11-26
XV3949,Washington ,Fashion,98192749G,$85,$51,$1.7,$83.3,2019-11-26
XV7388,Washington,Furniture,55030212Y,$68,$41.48,$2.72,$65.28,2019-11-26
YR3217,New York,Kitchen,51377258,$32,$22.4,$1.28,$30.72,2019-11-26
GQ3360,Miami,Cosmetics,88077087J,$90,$63.9,$7.2,$82.8,2019-11-26
XV3949,Washington,Groceries,35732727C,$90,$58.5,$4.5,$85.5,2019-11-26
YR1475,New York#,Cosmetics,20137634R,$31,$18.6,$2.48,$28.52,2019-11-26
XV1780,Washington$,Electronics,11112365,$34,$21.76,$2.38,$31.62,2019-11-26
BE9667,Houston,Electronics,73267517Z,$29,$20.88,$2.61,$26.39,2019-11-26
OJ5865,"Denver""",Education,18278198[,$25,$16,$1.75,$23.25,2019-11-26
GQ5324,Miami%,Cosmetics,30239562N,$97,$60.14,$3.88,$93.12,2019-11-26
GQ9387,Miami,Kitchen,93809204,$37,$24.05,$0.74,$36.26,2019-11-26
XV7679,Washington,Fashion,18618774O,$40,$29.2,$4,$36,2019-11-26
YR2955,New York,Groceries,70007324[,$88,$61.6,$1.76,$86.24,2019-11-26
GQ3360,"Miami""",Electronics,61204528,$32,$21.12,$1.28,$30.72,2019-11-26
BE2494,Houston%,Cosmetics,37798156,$46,$34.04,$1.84,$44.16,2019-11-26
YR8558,New York,Furniture,74036560R,$25,$17.75,$1,$24,2019-11-26
BE3766,Houston&,Groceries,12513122Y,$61,$45.14,$2.44,$58.56,2019-11-26
XV8870,Washington,Cosmetics,71051025,$52,$38.48,$4.68,$47.32,2019-11-26
BE2889,Houston,Kitchen,97289123,$28,$19.32,$0.84,$27.16,2019-11-26
YR6095,New York,Furniture,39858093`,$94,$65.8,$7.52,$86.48,2019-11-26
OJ7306,Denver,Electronics,49638671,$12,$7.2,$0.24,$11.76,2019-11-26
BE5092,Houston,Electronics,74291992X,$54,$34.02,$2.16,$51.84,2019-11-26
BE4691,Houston',Education,70845031Z,$53,$34.45,$5.3,$47.7,2019-11-26
OJ8807,Denver,Cosmetics,98706359Z,$69,$48.3,$4.14,$64.86,2019-11-26
BE1512,Houston+,Kitchen,30066528N,$46,$30.82,$2.3,$43.7,2019-11-26
OJ8445,Denver*,Furniture,13246459,$64,$45.44,$4.48,$59.52,2019-11-26
BE5249,Houston(,Kitchen,50116577U,$32,$20.48,$0.64,$31.36,2019-11-26
BE4797,Houston,Furniture,59023742,$66,$49.5,$3.96,$62.04,2019-11-26
OJ6529,Denver),Furniture,50078125X,$41,$30.34,$4.1,$36.9,2019-11-26
GQ3360,Miami,Cosmetics,36023864,$14,$10.36,$0.84,$13.16,2019-11-26
OJ9422,Denver,Kitchen,90944519,$67,$47.57,$4.02,$62.98,2019-11-26
YR1632,New York),Furniture,33521728_,$43,$31.39,$1.72,$41.28,2019-11-26
OJ5020,Denver(,Education,39160461,$81,$60.75,$2.43,$78.57,2019-11-26
GQ4368,Miami,Fashion,67024536,$26,$16.38,$1.56,$24.44,2019-11-26
BE6693,Houston,Furniture,71723937Z,$38,$28.12,$2.66,$35.34,2019-11-26
YR1632,New York,Education,64527893H,$48,$32.64,$4.8,$43.2,2019-11-26
XV3949,Washington+,Fashion,16553344,$84,$53.76,$1.68,$82.32,2019-11-26
OJ2461,Denver,Cosmetics,28190612P,$93,$55.8,$2.79,$90.21,2019-11-26
YR4165,New York,Fashion,23699951E,$86,$61.92,$4.3,$81.7,2019-11-26
GQ3360,Miami,Cosmetics,55966796,$78,$56.94,$3.9,$74.1,2019-11-26
YR6095,New York,Furniture,95775756,$89,$60.52,$2.67,$86.33,2019-11-26
GQ6095,Miami,Kitchen,43988952J,$97,$70.81,$4.85,$92.15,2019-11-26
BE1054,Houston,Furniture,22705688O,$53,$32.33,$3.71,$49.29,2019-11-26
OJ7592,Denver,Education,78862304,$37,$25.9,$3.33,$33.67,2019-11-26
YR1393,New York$,Groceries,51684875,$57,$38.76,$1.71,$55.29,2019-11-26
OJ9732,Denver,Electronics,80144958N,$96,$66.24,$8.64,$87.36,2019-11-26
OJ5085,Denver,Furniture,60229492,$85,$52.7,$3.4,$81.6,2019-11-26
OJ9269,Denver,Groceries,90823669,$79,$52.14,$5.53,$73.47,2019-11-26
GQ6095,Miami,Fashion,28413085,$86,$60.2,$6.02,$79.98,2019-11-26
YR2955,New York),Furniture,37174682,$15,$9,$0.6,$14.4,2019-11-26
OJ5865,Denver',Education,42796936,$21,$15.12,$0.42,$20.58,2019-11-26
XV1780,Washington,Furniture,28630065Q,$77,$55.44,$1.54,$75.46,2019-11-26
GQ8391,Miami(,Fashion,78348693P,$38,$26.6,$3.8,$34.2,2019-11-26
XV5249,Washington,Electronics,54840698,$37,$27.01,$3.7,$33.3,2019-11-26
YR2692,New York,Fashion,61479187G,$56,$42,$1.12,$54.88,2019-11-26
XV9568,Washington%,Cosmetics,38325500,$10,$6.8,$0.3,$9.7,2019-11-26
YR4591,New York,Cosmetics,75077514,$78,$53.82,$2.34,$75.66,2019-11-26
XV4797,Washington,Kitchen,40371704,$85,$56.1,$8.5,$76.5,2019-11-26
YR8837,New York,Fashion,27031555N,$100,$63,$2,$98,2019-11-26
XV4868,Washington(,Kitchen,57570800,$91,$55.51,$1.82,$89.18,2019-11-26
BE2437,Houston,Cosmetics,39896545\,$85,$60.35,$4.25,$80.75,2019-11-26
BE5092,Houston,Groceries,56886901,$68,$43.52,$3.4,$64.6,2019-11-26
GQ4211,Miami,Furniture,76901245Y,$60,$36.6,$1.8,$58.2,2019-11-26
YR3217,New York*,Electronics,39111022[,$87,$54.81,$2.61,$84.39,2019-11-26
XV3613,Washington,Education,75599365^,$11,$7.59,$0.55,$10.45,2019-11-26
GQ7388,Miami,Fashion,97904357,$50,$31.5,$3.5,$46.5,2019-11-26
BE8164,"Houston""",Kitchen,28462524^,$84,$61.32,$5.88,$78.12,2019-11-26
BE9667,Houston,Electronics,82515258P,$69,$46.92,$6.9,$62.1,2019-11-26
XV7785,Washington(,Electronics,83624877[,$51,$33.66,$4.59,$46.41,2019-11-26
XV4304,Washington#,Furniture,71072998,$13,$9.1,$1.04,$11.96,2019-11-26
BE3466,Houston,Fashion,10123596,$69,$42.09,$4.83,$64.17,2019-11-26
BE2437,Houston,Groceries,20019531V,$65,$39,$3.25,$61.75,2019-11-26
YR8473,New York,Education,48594970K,$76,$50.16,$7.6,$68.4,2019-11-26
YR6219,New York(,Kitchen,27201843,$59,$37.17,$4.72,$54.28,2019-11-26
BE8164,Houston(,Education,39160461,$81,$60.75,$2.43,$78.57,2019-11-26
BE1512,Houston,Education,64593811,$50,$36,$5,$45,2019-11-26
XV2163,Washington,Education,72347412V,$69,$50.37,$4.83,$64.17,2019-11-26
OJ5865,Denver',Electronics,37713012[,$63,$37.8,$1.26,$61.74,2019-11-26
XV4868,Washington',Kitchen,86780700,$39,$23.79,$1.56,$37.44,2019-11-26
XV3766,Washington,Kitchen,95992736,$41,$25.42,$3.28,$37.72,2019-11-26
YR8737,New York,Cosmetics,60028991I,$43,$32.25,$1.29,$41.71,2019-11-26
YR8473,New York,Furniture,67919921,$82,$56.58,$4.1,$77.9,2019-11-26
OJ3977,Denver,Kitchen,74904479,$89,$55.18,$6.23,$82.77,2019-11-26
XV6177,Washington$,Furniture,19341125W,$62,$40.3,$4.34,$57.66,2019-11-26
GQ7896,Miami$,Furniture,11170043,$20,$13.2,$0.4,$19.6,2019-11-26
OJ6529,Denver,Kitchen,51377258,$32,$22.4,$1.28,$30.72,2019-11-26
YR7896,New York,Groceries,87412414,$75,$48.75,$6,$69,2019-11-26
OJ4886,Denver,Kitchen,86420898,$55,$39.05,$5.5,$49.5,2019-11-26
YR5190,New York,Cosmetics,42505798\,$91,$62.79,$3.64,$87.36,2019-11-26
GQ7388,Miami,Fashion,97904357,$50,$31.5,$3.5,$46.5,2019-11-26
YR8837,New York,Fashion,21453247,$12,$7.56,$0.84,$11.16,2019-11-26
BE2494,Houston,Cosmetics,54516601,$40,$30,$2,$38,2019-11-26
OJ2461,Denver,Cosmetics,87582702E,$27,$17.28,$0.54,$26.46,2019-11-26
XV7679,Washington,Furniture,63901672,$94,$69.56,$7.52,$86.48,2019-11-26
XV2163,Washington&,Furniture,79911499\,$49,$33.81,$4.9,$44.1,2019-11-26
BE4691,"Houston""",Fashion,44601440,$40,$30,$2.8,$37.2,2019-11-26
GQ7388,Miami),Education,13842468,$11,$7.04,$0.88,$10.12,2019-11-26
BE9225,Houston,Cosmetics,79716491H,$17,$11.9,$1.19,$15.81,2019-11-26
OJ9992,Denver,Education,37792663,$54,$37.26,$5.4,$48.6,2019-11-26
OJ5005,Denver&,Groceries,25562133,$91,$56.42,$4.55,$86.45,2019-11-26
OJ1343,Denver,Kitchen,16026000,$88,$63.36,$4.4,$83.6,2019-11-26
GQ5324,Miami,Fashion,42387695`,$29,$21.17,$2.32,$26.68,2019-11-26
YR5190,New York%,Kitchen,20461730\,$85,$62.9,$3.4,$81.6,2019-11-26
XV6314,Washington,Groceries,84819641T,$58,$34.8,$4.06,$53.94,2019-11-26
OJ8867,Denver!,Electronics,19440002D,$90,$62.1,$9,$81,2019-11-26
BE9225,Houston$,Electronics,35169677Z,$99,$66.33,$5.94,$93.06,2019-11-26
BE2612,Houston#,Cosmetics,94339294X,$12,$7.68,$0.24,$11.76,2019-11-26
BE3513,Houston+,Groceries,55285644^,$43,$30.96,$3.44,$39.56,2019-11-26
XV3360,Washington,Furniture,12889404A,$59,$35.99,$2.36,$56.64,2019-11-26
YR6068,New York,Kitchen,81048583J,$59,$43.66,$5.9,$53.1,2019-11-26
XV6365,Washington,Education,27745666,$64,$47.36,$3.84,$60.16,2019-11-26
YR6095,New York#,Fashion,50201721,$52,$33.28,$1.04,$50.96,2019-11-26
XV1054,Washington,Furniture,84319763,$72,$44.64,$2.88,$69.12,2019-11-26
XV1461,Washington&,Fashion,39657592,$52,$37.96,$3.12,$48.88,2019-11-26
BE9667,Houston%,Furniture,18583068,$48,$30.24,$4.8,$43.2,2019-11-26
YR8867,New York,Education,15429992,$96,$60.48,$9.6,$86.4,2019-11-26
XV9568,Washington+,Fashion,14677429,$82,$58.22,$6.56,$75.44,2019-11-26
YR8837,New York',Cosmetics,28805847,$35,$24.5,$0.7,$34.3,2019-11-26
BE6693,Houston!,Groceries,95805969,$42,$28.98,$3.36,$38.64,2019-11-26
BE9002,Houston,Furniture,37765197Y,$54,$38.34,$1.08,$52.92,2019-11-26
XV3949,Washington',Cosmetics,40338745C,$20,$12,$0.4,$19.6,2019-11-26
GQ1780,Miami,Kitchen,31195373G,$95,$66.5,$1.9,$93.1,2019-11-26
XV4211,Washington,Kitchen,22664489,$27,$17.82,$1.62,$25.38,2019-11-26
BE2612,Houston,Groceries,71136169V,$89,$63.19,$5.34,$83.66,2019-11-26
OJ9422,Denver,Electronics,51036682,$49,$35.28,$1.96,$47.04,2019-11-26
GQ1780,Miami(,Cosmetics,15718383,$13,$9.49,$0.39,$12.61,2019-11-26
XV4797,Washington,Kitchen,20887451,$40,$28.4,$1.6,$38.4,2019-11-26
XV1054,Washington,Cosmetics,42080078,$85,$63.75,$8.5,$76.5,2019-11-26
OJ7306,Denver,Electronics,15616760],$37,$26.27,$2.96,$34.04,2019-11-26
BE9451,Houston,Furniture,99250183,$85,$61.2,$1.7,$83.3,2019-11-26
BE5092,Houston&,Groceries,48273620F,$60,$40.2,$5.4,$54.6,2019-11-26
OJ5085,Denver,Education,29025573G,$73,$48.91,$1.46,$71.54,2019-11-26
OJ5005,Denver&,Kitchen,71526184,$85,$57.8,$2.55,$82.45,2019-11-26
YR7220,New York,Furniture,78142700`,$33,$19.8,$2.97,$30.03,2019-11-26
BE9667,Houston(,Kitchen,27729187,$22,$16.06,$1.54,$20.46,2019-11-26
GQ7388,Miami#,Education,80889282,$98,$68.6,$1.96,$96.04,2019-11-26
BE8164,Houston ,Fashion,72583618M,$75,$48,$4.5,$70.5,2019-11-26
XV1461,"Washington""",Electronics,14899902B,$10,$7,$0.9,$9.1,2019-11-26
YR5005,"New York""",Fashion,55197753K,$38,$27.36,$3.8,$34.2,2019-11-26
GQ1372,Miami,Education,71424560K,$19,$12.73,$1.52,$17.48,2019-11-26
XV4721,Washington,Furniture,23491210,$95,$65.55,$3.8,$91.2,2019-11-26
XV9568,Washington,Electronics,42214660A,$71,$46.86,$3.55,$67.45,2019-11-26
XV3766,Washington#,Fashion,92100830,$27,$19.98,$1.89,$25.11,2019-11-26
YR8930,New York%,Education,97319335,$40,$28,$2,$38,2019-11-26
YR6095,New York),Furniture,63640747S,$24,$14.64,$1.92,$22.08,2019-11-26
XV2163,Washington,Cosmetics,22867736,$35,$26.25,$1.05,$33.95,2019-11-26
XV6314,Washington%,Groceries,23090209K,$94,$58.28,$9.4,$84.6,2019-11-26
YR5190,New York,Groceries,85465087,$51,$31.62,$3.57,$47.43,2019-11-26
OJ5085,Denver,Kitchen,71715698G,$40,$27.6,$2.4,$37.6,2019-11-26
YR6095,New York,Kitchen,20274963[,$95,$64.6,$4.75,$90.25,2019-11-26
BE6693,Houston,Fashion,33681030,$55,$38.5,$1.1,$53.9,2019-11-26
BE3466,Houston+,Fashion,27012329,$13,$8.06,$0.52,$12.48,2019-11-26
XV1054,Washington!,Furniture,17012023,$64,$38.4,$5.76,$58.24,2019-11-26
GQ8870,Miami+,Fashion,46175231,$24,$16.56,$1.44,$22.56,2019-11-26
GQ6177,Miami,Furniture,38954467C,$40,$26,$2.8,$37.2,2019-11-26
OJ2955,Denver,Kitchen,95687866A,$71,$51.83,$2.13,$68.87,2019-11-26
YR2692,New York,Education,33628845,$54,$36.72,$2.7,$51.3,2019-11-26
BE1054,Houston!,Groceries,48290100,$59,$35.4,$4.72,$54.28,2019-11-26
XV5000,Washington,Cosmetics,23430786,$56,$37.52,$5.6,$50.4,2019-11-26
YR2955,New York,Electronics,75041809B,$55,$34.1,$4.95,$50.05,2019-11-26
YR1393,New York,Groceries,93262634,$93,$68.82,$8.37,$84.63,2019-11-26
GQ9524,Miami%,Education,46441650R,$21,$15.33,$0.84,$20.16,2019-11-26
OJ9269,Denver,Groceries,54398498J,$38,$28.12,$1.14,$36.86,2019-11-26
BE2612,Houston+,Education,52283630N,$57,$34.2,$5.13,$51.87,2019-11-26
OJ2955,"Denver""",Furniture,88423156,$97,$66.93,$3.88,$93.12,2019-11-26
BE9667,Houston,Cosmetics,19456481,$31,$22.94,$1.24,$29.76,2019-11-26
XV4797,Washington,Furniture,75052795,$54,$36.72,$1.08,$52.92,2019-11-26
GQ5324,Miami!,Furniture,37512512,$24,$16.56,$1.92,$22.08,2019-11-26
YR6068,New York,Groceries,43442382,$16,$11.04,$1.44,$14.56,2019-11-26
OJ6529,Denver,Electronics,19047241U,$27,$19.71,$0.81,$26.19,2019-11-26
BE3684,Houston,Cosmetics,81663818,$15,$9.15,$0.9,$14.1,2019-11-26
XV2889,Washington,Kitchen,57963562,$60,$37.2,$4.2,$55.8,2019-11-26
OJ8558,Denver*,Kitchen,57197265R,$25,$16.75,$0.75,$24.25,2019-11-26
BE9628,Houston,Education,60556335\,$97,$66.93,$1.94,$95.06,2019-11-26
GQ1780,Miami*,Cosmetics,17682189,$84,$53.76,$5.88,$78.12,2019-11-26
YR6083,New York,Furniture,63692932Q,$67,$40.87,$6.7,$60.3,2019-11-26
XV4868,Washington,Cosmetics,98382263O,$56,$35.28,$2.8,$53.2,2019-11-26
OJ2039,Denver,Cosmetics,81663818,$15,$9.15,$0.9,$14.1,2019-11-26
XV7679,Washington,Electronics,14353332,$13,$8.45,$1.04,$11.96,2019-11-26
BE3513,Houston),Groceries,43579711,$14,$10.36,$1.4,$12.6,2019-11-26
BE7495,Houston#,Furniture,32186889W,$18,$13.32,$0.36,$17.64,2019-11-26
OJ7306,Denver,Electronics,77447814,$14,$10.36,$0.42,$13.58,2019-11-26
XV1461,Washington%,Cosmetics,90126037G,$37,$25.53,$0.74,$36.26,2019-11-26
OJ8079,Denver!,Kitchen,95124816Y,$49,$34.79,$2.94,$46.06,2019-11-26
BE3466,Houston+,Fashion,27012329,$13,$8.06,$0.52,$12.48,2019-11-26
YR1475,New York,Fashion,38446350,$43,$27.95,$1.72,$41.28,2019-11-26
YR3217,New York*,Fashion,32148437,$46,$33.12,$2.76,$43.24,2019-11-26
XV8391,Washington,Education,96465148N,$65,$40.3,$5.2,$59.8,2019-11-26
GQ4721,Miami%,Fashion,11796264,$50,$35.5,$4,$46,2019-11-26
BE8164,Houston,Electronics,81883544A,$39,$25.35,$3.51,$35.49,2019-11-26
YR4098,New York',Furniture,13996276F,$39,$28.08,$2.34,$36.66,2019-11-26
BE3466,Houston,Fashion,10123596,$69,$42.09,$4.83,$64.17,2019-11-26
XV1780,Washington$,Groceries,28396606_,$34,$22.1,$0.68,$33.32,2019-11-26
BE3513,Houston ,Kitchen,31807861,$38,$27.36,$1.52,$36.48,2019-11-26
GQ3106,Miami(,Kitchen,79853820R,$63,$37.8,$3.15,$59.85,2019-11-26
YR8930,New York,Electronics,34419860,$17,$11.9,$1.7,$15.3,2019-11-26
OJ8558,Denver#,Cosmetics,27679748D,$98,$69.58,$7.84,$90.16,2019-11-26
XV7388,Washington,Groceries,78400878M,$62,$46.5,$3.1,$58.9,2019-11-26
YR8129,New York&,Fashion,58817749I,$22,$16.5,$1.98,$20.02,2019-11-26
GQ7388,Miami%,Groceries,82960205],$90,$63.9,$9,$81,2019-11-26
YR5005,New York+,Kitchen,30442810W,$75,$48,$3,$72,2019-11-26
GQ4201,Miami,Kitchen,29964904,$83,$59.76,$4.98,$78.02,2019-11-26
OJ2955,Denver$,Groceries,37641601,$84,$51.24,$1.68,$82.32,2019-11-26
GQ9568,Miami*,Electronics,76236572,$39,$27.3,$3.51,$35.49,2019-11-26
GQ9784,Miami!,Electronics,88725280`,$53,$32.33,$2.12,$50.88,2019-11-26
XV9568,Washington(,Groceries,99046936,$78,$54.6,$6.24,$71.76,2019-11-26
YR8867,New York,Fashion,79886779,$28,$18.2,$1.4,$26.6,2019-11-26
YR8930,New York',Kitchen,83369445,$44,$26.4,$3.52,$40.48,2019-11-26
OJ2536,Denver,Electronics,10499877,$67,$40.87,$6.7,$60.3,2019-11-26
GQ9568,Miami,Groceries,58971557,$65,$47.45,$5.2,$59.8,2019-11-26
GQ6095,Miami,Electronics,89527282,$92,$69,$3.68,$88.32,2019-11-26
OJ5865,Denver,Kitchen,36993408,$53,$35.51,$4.24,$48.76,2019-11-26
BE2889,Houston#,Electronics,68883972,$87,$58.29,$8.7,$78.3,2019-11-26
YR5005,New York,Furniture,93507080G,$52,$39,$3.12,$48.88,2019-11-26
XV7679,Washington,Furniture,73542175,$67,$45.56,$5.36,$61.64,2019-11-26
OJ5865,Denver',Education,42796936,$21,$15.12,$0.42,$20.58,2019-11-26
GQ6177,Miami ,Groceries,50866394,$73,$51.1,$3.65,$69.35,2019-11-26
XV8531,Washington%,Electronics,87854614S,$62,$46.5,$4.96,$57.04,2019-11-26
XV6314,Washington#,Electronics,84734497,$79,$53.72,$3.16,$75.84,2019-11-26
YR4591,New York,Fashion,96215209V,$34,$23.12,$1.02,$32.98,2019-11-26
OJ8079,Denver!,Education,24268493,$39,$29.25,$3.12,$35.88,2019-11-26
YR2692,New York*,Electronics,60215759J,$46,$28.06,$4.6,$41.4,2019-11-26
OJ9732,Denver#,Kitchen,52385253,$70,$48.3,$3.5,$66.5,2019-11-26
XV3360,Washington*,Kitchen,85687561,$30,$21.3,$2.4,$27.6,2019-11-26
OJ3977,Denver,Kitchen,95514831A,$21,$13.86,$1.89,$19.11,2019-11-26
BE2889,Houston,Fashion,89238891S,$82,$61.5,$4.1,$77.9,2019-11-26
OJ2470,Denver,Education,78332214H,$79,$48.19,$2.37,$76.63,2019-11-26
XV4797,Washington,Kitchen,20887451,$40,$28.4,$1.6,$38.4,2019-11-26
BE5249,Houston,Electronics,72501220G,$32,$20.16,$0.96,$31.04,2019-11-26
OJ5865,Denver,Kitchen,62432250,$27,$16.2,$2.43,$24.57,2019-11-26
XV7785,Washington$,Cosmetics,20615539,$12,$8.28,$0.84,$11.16,2019-11-26
BE3513,Houston#,Groceries,79342956,$16,$10.56,$0.48,$15.52,2019-11-26
XV3375,"Washington""",Groceries,17695922,$81,$54.27,$8.1,$72.9,2019-11-26
OJ8445,Denver,Education,98981018,$42,$25.62,$3.78,$38.22,2019-11-26
GQ9784,Miami ,Groceries,57521362\,$79,$51.35,$6.32,$72.68,2019-11-26
GQ7785,Miami,Cosmetics,37064819E,$41,$28.29,$3.28,$37.72,2019-11-26
XV2163,Washington,Furniture,48435668,$37,$27.01,$3.33,$33.67,2019-11-26
GQ9784,Miami,Groceries,20255737,$32,$19.2,$1.92,$30.08,2019-11-26
XV2889,Washington!,Electronics,65692443,$39,$24.96,$1.56,$37.44,2019-11-26
GQ5324,Miami!,Furniture,37512512,$24,$16.56,$1.92,$22.08,2019-11-26
YR4098,New York!,Electronics,95858154,$29,$21.46,$2.61,$26.39,2019-11-26
GQ4368,"Miami""",Groceries,64036254,$75,$51.75,$7.5,$67.5,2019-11-26
YR6068,New York,Electronics,33054809],$100,$69,$4,$96,2019-11-26
BE5092,Houston&,Education,66986083,$91,$60.97,$1.82,$89.18,2019-11-26
BE2437,Houston%,Education,35900268V,$19,$13.3,$1.9,$17.1,2019-11-26
BE2889,Houston,Electronics,36652832G,$50,$32,$3.5,$46.5,2019-11-26
OJ3183,Denver$,Groceries,22219543,$80,$60,$8,$72,2019-11-26
OJ4468,Denver*,Education,61561584,$36,$21.6,$2.52,$33.48,2019-11-26
XV3949,Washington+,Fashion,16553344,$84,$53.76,$1.68,$82.32,2019-11-26
XV5249,Washington),Cosmetics,46243896,$98,$66.64,$6.86,$91.14,2019-11-26
XV4797,Washington',Groceries,47504577M,$58,$42.92,$2.32,$55.68,2019-11-26
XV4211,Washington*,Education,93361511I,$20,$15,$0.6,$19.4,2019-11-26
YR4368,"New York""",Groceries,64036254,$75,$51.75,$7.5,$67.5,2019-11-26
OJ2536,Denver',Kitchen,24589843,$53,$39.22,$1.06,$51.94,2019-11-26
XV5324,Washington#,Education,72091979O,$73,$46.72,$4.38,$68.62,2019-11-26
BE2437,Houston#,Groceries,33650817,$47,$28.67,$2.82,$44.18,2019-11-26
YR3217,New York%,Education,53983764E,$88,$60.72,$3.52,$84.48,2019-11-26
GQ7679,Miami+,Cosmetics,22134399R,$58,$37.7,$2.32,$55.68,2019-11-26
XV5249,Washington,Electronics,54840698,$37,$27.01,$3.7,$33.3,2019-11-26
GQ3360,Miami,Electronics,44790954,$95,$58.9,$9.5,$85.5,2019-11-26
XV3766,Washington,Education,16635742,$24,$15.84,$1.92,$22.08,2019-11-26
BE2437,Houston,Groceries,95517578,$37,$27.38,$1.11,$35.89,2019-11-26
GQ7896,Miami ,Furniture,44329528\,$22,$14.52,$1.32,$20.68,2019-11-26
YR6083,New York,Education,84852600,$72,$48.96,$5.76,$66.24,2019-11-26
BE2494,Houston*,Cosmetics,14850463,$40,$24.8,$4,$36,2019-11-26
YR6083,New York,Groceries,72910461,$60,$43.8,$5.4,$54.6,2019-11-26
XV3360,Washington(,Kitchen,53511352U,$82,$59.04,$6.56,$75.44,2019-11-26
BE4691,Houston,Cosmetics,77055053,$30,$21.9,$1.8,$28.2,2019-11-26
XV8391,Washington#,Electronics,55917358M,$26,$18.46,$2.6,$23.4,2019-11-26
OJ2470,Denver,Cosmetics,47743530L,$100,$65,$10,$90,2019-11-26
YR8558,New York(,Education,68996582,$60,$39,$1.8,$58.2,2019-11-26
OJ8079,Denver,Fashion,57043457,$71,$50.41,$4.97,$66.03,2019-11-26
OJ2039,Denver(,Groceries,45131530,$94,$57.34,$3.76,$90.24,2019-11-26
BE1377,Houston',Fashion,51390991,$37,$27.38,$2.59,$34.41,2019-11-26
YR8930,New York,Kitchen,60147094E,$14,$9.94,$1.12,$12.88,2019-11-26
BE1377,Houston,Fashion,46153259,$26,$18.72,$2.34,$23.66,2019-11-26
OJ6529,Denver*,Fashion,32148437,$46,$33.12,$2.76,$43.24,2019-11-26
OJ2470,Denver+,Fashion,14573059,$16,$9.92,$0.96,$15.04,2019-11-26
XV6365,Washington,Education,93309326L,$99,$68.31,$9.9,$89.1,2019-11-26
BE6167,Houston#,Electronics,36262817,$53,$34.98,$1.06,$51.94,2019-11-26
OJ9422,Denver,Electronics,84001159D,$74,$46.62,$6.66,$67.34,2019-11-26
OJ5005,Denver,Education,10359802,$50,$35.5,$1,$49,2019-11-26
XV6365,Washington),Cosmetics,57351074,$53,$33.39,$1.06,$51.94,2019-11-26
BE6693,Houston,Groceries,88931274P,$65,$40.95,$3.9,$61.1,2019-11-26
GQ8391,Miami ,Furniture,51555786,$88,$52.8,$7.92,$80.08,2019-11-26
GQ3700,Miami,Education,38781433C,$81,$59.94,$3.24,$77.76,2019-11-26
GQ5324,Miami(,Fashion,13191528X,$98,$60.76,$4.9,$93.1,2019-11-26
GQ3700,Miami,Cosmetics,75077514,$78,$53.82,$2.34,$75.66,2019-11-26
BE9628,"Houston""",Electronics,68252258,$58,$37.12,$5.22,$52.78,2019-11-26
BE9451,Houston$,Groceries,38171691J,$86,$55.04,$4.3,$81.7,2019-11-26
BE3766,Houston*,Kitchen,42607421,$67,$47.57,$5.36,$61.64,2019-11-26
GQ8207,Miami,Cosmetics,11914367,$90,$65.7,$5.4,$84.6,2019-11-26
BE9225,Houston!,Electronics,62229003,$57,$42.18,$3.99,$53.01,2019-11-26
YR5698,New York+,Kitchen,30324707,$32,$21.76,$0.96,$31.04,2019-11-26
BE2437,Houston',Furniture,79507751R,$53,$36.57,$3.71,$49.29,2019-11-26
YR5005,New York,Fashion,92732543,$44,$29.48,$3.96,$40.04,2019-11-26
YR6068,New York,Fashion,55524597,$46,$32.2,$2.76,$43.24,2019-11-26
XV6693,Washington,Fashion,22864990N,$15,$9.75,$0.9,$14.1,2019-11-26
GQ1372,Miami,Education,95295104R,$74,$51.06,$7.4,$66.6,2019-11-26
XV6365,Washington,Kitchen,24284973C,$35,$24.15,$3.15,$31.85,2019-11-26
YR5253,"New York""",Cosmetics,83146972,$98,$69.58,$1.96,$96.04,2019-11-26
BE4659,Houston(,Fashion,25545654,$95,$64.6,$3.8,$91.2,2019-11-26
YR1393,New York),Fashion,66645507J,$62,$38.44,$2.48,$59.52,2019-11-26
XV6177,Washington),Education,39838867,$99,$68.31,$9.9,$89.1,2019-11-26
GQ3106,Miami%,Electronics,97580261,$68,$40.8,$5.44,$62.56,2019-11-26
XV4758,Washington,Groceries,47963256[,$46,$28.98,$4.6,$41.4,2019-11-26
OJ4886,Denver!,Education,89101562I,$82,$60.68,$2.46,$79.54,2019-11-26
BE2889,Houston#,Electronics,68883972,$87,$58.29,$8.7,$78.3,2019-11-26
YR8129,New York*,Education,40627136Y,$44,$32.12,$1.32,$42.68,2019-11-26
OJ5005,Denver,Groceries,78282775,$30,$18.3,$2.4,$27.6,2019-11-26
YR1845,New York%,Electronics,81834106,$51,$34.68,$3.06,$47.94,2019-11-26
OJ9732,Denver ,Groceries,13021240,$27,$16.2,$1.08,$25.92,2019-11-26
GQ5000,Miami,Fashion,38001403,$58,$35.96,$5.22,$52.78,2019-11-26
YR8867,New York,Electronics,40629882,$47,$28.67,$4.7,$42.3,2019-11-26
BE4797,Houston,Kitchen,30714721D,$29,$19.14,$2.32,$26.68,2019-11-26
XV3613,Washington#,Education,37062072,$42,$26.04,$0.84,$41.16,2019-11-26
YR8930,New York(,Fashion,33549194B,$11,$8.25,$0.99,$10.01,2019-11-26
BE3766,Houston#,Groceries,56172790,$65,$42.25,$1.95,$63.05,2019-11-26
BE5092,Houston*,Furniture,58702392T,$49,$35.77,$3.43,$45.57,2019-11-26
OJ2470,Denver#,Groceries,81850585,$47,$28.67,$3.29,$43.71,2019-11-26
YR8737,New York,Groceries,25921936,$71,$42.6,$6.39,$64.61,2019-11-26
OJ1393,Denver#,Furniture,65623779,$56,$36.4,$1.68,$54.32,2019-11-26
YR1845,New York,Kitchen,22422790,$51,$36.72,$4.59,$46.41,2019-11-26
BE2494,Houston,Electronics,38410644,$28,$17.64,$2.8,$25.2,2019-11-26
YR4226,New York,Fashion,77362670N,$40,$25.6,$2.8,$37.2,2019-11-26
OJ3183,Denver ,Groceries,90738525,$84,$61.32,$6.72,$77.28,2019-11-26
OJ7306,Denver,Education,33582153Q,$64,$40.32,$2.56,$61.44,2019-11-26
YR5986,New York!,Education,89101562I,$82,$60.68,$2.46,$79.54,2019-11-26
YR1845,New York,Furniture,99189758,$46,$32.2,$3.68,$42.32,2019-11-26
OJ5020,Denver+,Education,54527587`,$65,$43.55,$5.2,$59.8,2019-11-26
BE9628,Houston!,Groceries,81952209F,$79,$58.46,$7.11,$71.89,2019-11-26
BE2612,Houston*,Fashion,72072753,$44,$27.72,$4.4,$39.6,2019-11-26
YR4165,New York%,Cosmetics,83352966N,$63,$41.58,$5.04,$57.96,2019-11-26
BE5386,Houston,Electronics,22510681Z,$100,$62,$9,$91,2019-11-26
XV4304,Washington,Electronics,65574340[,$68,$46.24,$5.44,$62.56,2019-11-26
XV5324,Washington),Electronics,79461059B,$90,$57.6,$6.3,$83.7,2019-11-26
OJ9992,"Denver""",Fashion,42384948Z,$61,$45.75,$2.44,$58.56,2019-11-26
OJ5085,Denver*,Kitchen,76184387,$52,$34.32,$4.16,$47.84,2019-11-26
BE2612,Houston,Fashion,98093872,$25,$17.75,$1.5,$23.5,2019-11-26
GQ8275,Miami,Groceries,78266296J,$95,$65.55,$7.6,$87.4,2019-11-26
XV8391,"Washington""",Cosmetics,21384582,$99,$67.32,$1.98,$97.02,2019-11-26
YR8129,New York,Education,72907714,$16,$11.68,$0.64,$15.36,2019-11-26
YR4165,New York$,Education,49976501,$15,$10.2,$1.2,$13.8,2019-11-26
GQ9568,Miami,Electronics,79837341J,$79,$56.88,$7.11,$71.89,2019-11-26
BE1512,Houston#,Kitchen,57040710Z,$10,$6.9,$0.3,$9.7,2019-11-26
GQ3360,Miami,Electronics,94152526W,$78,$50.7,$7.8,$70.2,2019-11-26
XV6693,Washington#,Furniture,31618347,$83,$58.93,$7.47,$75.53,2019-11-26
XV1054,Washington,Furniture,77387390,$66,$46.86,$5.94,$60.06,2019-11-26
OJ7306,Denver',Furniture,68982849],$86,$55.04,$3.44,$82.56,2019-11-26
GQ3106,Miami,Kitchen,37097778,$55,$39.05,$1.65,$53.35,2019-11-26
OJ4886,Denver,Electronics,23057250\,$59,$43.07,$4.13,$54.87,2019-11-26
OJ5020,"Denver""",Kitchen,78606872,$12,$8.4,$1.2,$10.8,2019-11-26
XV7397,Washington*,Education,42659606,$54,$40.5,$4.32,$49.68,2019-11-26
YR8930,New York%,Furniture,11744079,$63,$42.21,$4.41,$58.59,2019-11-26
XV4211,Washington,Education,42044372,$70,$51.8,$4.9,$65.1,2019-11-26
GQ4201,Miami&,Groceries,39281311,$52,$32.24,$2.6,$49.4,2019-11-26
YR8867,New York',Fashion,99472656L,$84,$59.64,$3.36,$80.64,2019-11-26
OJ5005,Denver,Groceries,40355224K,$65,$43.55,$1.95,$63.05,2019-11-26
YR5190,New York,Fashion,28141174,$90,$67.5,$8.1,$81.9,2019-11-26
BE6167,Houston',Kitchen,13331604,$43,$27.52,$4.3,$38.7,2019-11-26
XV3613,Washington#,Furniture,95440673P,$40,$28,$1.2,$38.8,2019-11-26
BE1054,Houston,Cosmetics,42080078,$85,$63.75,$8.5,$76.5,2019-11-26
YR5005,New York,Education,41560974,$27,$18.63,$1.08,$25.92,2019-11-26
YR8834,New York),Groceries,82086791J,$47,$30.08,$3.76,$43.24,2019-11-26
YR8837,New York,Kitchen,69241027J,$92,$56.12,$3.68,$88.32,2019-11-26
BE2494,Houston,Electronics,85075073Z,$87,$59.16,$5.22,$81.78,2019-11-26
OJ5005,"Denver""",Kitchen,58952331M,$82,$52.48,$5.74,$76.26,2019-11-26
BE5386,"Houston""",Fashion,90960998^,$88,$61.6,$3.52,$84.48,2019-11-26
OJ2955,Denver),Furniture,37174682,$15,$9,$0.6,$14.4,2019-11-26
OJ9992,Denver),Education,20695190N,$83,$55.61,$4.15,$78.85,2019-11-26
BE6693,Houston&,Education,84336242,$84,$54.6,$5.88,$78.12,2019-11-26
XV7837,Washington,Education,65266723X,$51,$36.21,$4.59,$46.41,2019-11-26
XV4758,Washington*,Furniture,54566040,$89,$59.63,$2.67,$86.33,2019-11-26
GQ5488,Miami#,Fashion,19387817G,$25,$17.5,$1.75,$23.25,2019-11-26
YR8930,New York,Fashion,50657653I,$32,$22.08,$0.96,$31.04,2019-11-26
OJ7592,Denver#,Electronics,99593505O,$69,$46.23,$6.21,$62.79,2019-11-26
OJ9422,Denver,Groceries,21093444K,$79,$51.35,$2.37,$76.63,2019-11-26
OJ6529,Denver,Cosmetics,41396179,$76,$47.12,$3.8,$72.2,2019-11-26
XV3949,Washington%,Education,72800598W,$37,$27.75,$3.33,$33.67,2019-11-26
BE5249,Houston,Electronics,18552856,$28,$18.76,$1.96,$26.04,2019-11-26
BE6167,Houston,Groceries,38292541L,$17,$11.05,$1.7,$15.3,2019-11-26
BE1054,Houston(,Groceries,56496887^,$33,$23.43,$2.64,$30.36,2019-11-26
XV7388,Washington,Groceries,24812316X,$90,$56.7,$7.2,$82.8,2019-11-26
OJ8807,Denver,Kitchen,88112792,$69,$43.47,$4.83,$64.17,2019-11-26
GQ1461,Miami ,Kitchen,48306579,$55,$38.5,$4.95,$50.05,2019-11-26
OJ2461,Denver,Cosmetics,28190612P,$93,$55.8,$2.79,$90.21,2019-11-26
GQ8207,Miami#,Furniture,38970947K,$15,$9.6,$0.3,$14.7,2019-11-26
BE3513,Houston(,Electronics,72789611,$53,$39.75,$2.12,$50.88,2019-11-26
XV4211,Washington%,Fashion,74665527Z,$56,$35.84,$1.68,$54.32,2019-11-26
XV7397,Washington,Electronics,73267517Z,$29,$20.88,$2.61,$26.39,2019-11-26
BE7495,Houston',Groceries,38256835,$26,$18.2,$0.52,$25.48,2019-11-26
BE1512,Houston#,Furniture,71072998,$13,$9.1,$1.04,$11.96,2019-11-26
BE6167,"Houston""",Electronics,98621215,$90,$55.8,$2.7,$87.3,2019-11-26
OJ7592,Denver,Fashion,93910827R,$45,$27,$2.7,$42.3,2019-11-26
XV2163,Washington!,Furniture,33002624`,$74,$53.28,$5.92,$68.08,2019-11-26
XV4758,Washington*,Groceries,11263427\,$81,$56.7,$2.43,$78.57,2019-11-26
GQ8870,Miami,Electronics,69378356,$67,$44.89,$2.01,$64.99,2019-11-26
BE4691,Houston,Kitchen,12785034F,$85,$57.8,$2.55,$82.45,2019-11-26
OJ1393,Denver%,Cosmetics,26638793,$13,$9.62,$1.17,$11.83,2019-11-26
YR5698,New York,Groceries,97799987,$48,$36,$1.44,$46.56,2019-11-26
XV3375,Washington$,Education,40149230,$24,$17.52,$1.68,$22.32,2019-11-26
OJ9269,Denver,Groceries,90823669,$79,$52.14,$5.53,$73.47,2019-11-26
YR6095,New York,Furniture,95775756,$89,$60.52,$2.67,$86.33,2019-11-26
XV3375,Washington,Groceries,11980285X,$97,$71.78,$7.76,$89.24,2019-11-26
BE5613,Houston,Electronics,48443908_,$21,$14.07,$0.63,$20.37,2019-11-26
GQ3360,Miami*,Education,88571472,$61,$37.82,$3.05,$57.95,2019-11-26
XV6365,Washington,Fashion,45507812,$75,$45.75,$3,$72,2019-11-26
BE9628,Houston,Electronics,24419555G,$94,$69.56,$5.64,$88.36,2019-11-26
BE2889,Houston,Furniture,75983886[,$100,$69,$7,$93,2019-11-26
YR7220,New York,Cosmetics,80842590,$32,$23.68,$2.56,$29.44,2019-11-26
OJ5085,Denver,Kitchen,72655029,$50,$31,$2.5,$47.5,2019-11-26
XV6365,Washington(,Fashion,27948913,$60,$42.6,$4.2,$55.8,2019-11-26
OJ9269,Denver,Kitchen,90875854,$80,$54.4,$4,$76,2019-11-26
OJ5020,Denver!,Furniture,89134521,$16,$10.56,$0.64,$15.36,2019-11-26
OJ5085,Denver,Education,23447265,$42,$28.14,$1.68,$40.32,2019-11-26
GQ9568,Miami),Groceries,28223571_,$75,$52.5,$2.25,$72.75,2019-11-26
OJ3183,Denver,Furniture,26199340,$62,$44.64,$5.58,$56.42,2019-11-26
BE2494,Houston(,Furniture,27306213,$33,$23.76,$2.97,$30.03,2019-11-26
BE3466,Houston#,Electronics,82122497,$73,$46.72,$5.84,$67.16,2019-11-26
YR3217,New York,Cosmetics,71100463_,$97,$58.2,$6.79,$90.21,2019-11-26
YR8473,New York,Kitchen,20785827H,$62,$42.78,$1.86,$60.14,2019-11-26
YR8834,New York+,Groceries,13501892B,$77,$51.59,$6.16,$70.84,2019-11-26
GQ5000,Miami,Cosmetics,23430786,$56,$37.52,$5.6,$50.4,2019-11-26
XV1054,Washington,Groceries,10516357,$53,$32.86,$2.12,$50.88,2019-11-26
YR4591,New York,Cosmetics,71614074,$73,$48.18,$4.38,$68.62,2019-11-26
BE2494,Houston,Groceries,49602966A,$14,$8.96,$0.42,$13.58,2019-11-26
XV1054,Washington,Electronics,47402954,$98,$59.78,$6.86,$91.14,2019-11-26
OJ8807,Denver,Kitchen,85671081R,$34,$20.74,$2.38,$31.62,2019-11-26
XV7397,Washington,Cosmetics,30819091_,$94,$70.5,$8.46,$85.54,2019-11-26
OJ1343,Denver,Groceries,23958129,$61,$44.53,$2.44,$58.56,2019-11-26
XV9784,Washington ,Education,45848388`,$30,$19.5,$0.9,$29.1,2019-11-26
BE3684,Houston ,Education,66184082V,$79,$55.3,$3.16,$75.84,2019-11-26
OJ9732,Denver),Cosmetics,65145874V,$49,$32.83,$1.47,$47.53,2019-11-26
BE2612,Houston,Kitchen,11930847,$76,$56.24,$7.6,$68.4,2019-11-26
XV8531,Washington),Electronics,76357421,$10,$7.3,$0.2,$9.8,2019-11-26
BE9628,Houston!,Fashion,36174926,$74,$49.58,$1.48,$72.52,2019-11-26
BE4797,Houston,Groceries,67483215,$45,$29.7,$3.6,$41.4,2019-11-26
XV5249,Washington$,Furniture,87132263K,$23,$16.33,$0.69,$22.31,2019-11-26
GQ3360,Miami,Cosmetics,51770019[,$37,$22.2,$2.22,$34.78,2019-11-26
BE2612,Houston%,Kitchen,11691894,$76,$47.12,$5.32,$70.68,2019-11-26
GQ8391,Miami*,Cosmetics,62844238Y,$55,$36.3,$3.85,$51.15,2019-11-26
YR1475,New York ,Furniture,18088684,$77,$55.44,$3.08,$73.92,2019-11-26
XV6177,Washington%,Cosmetics,24232788F,$73,$46.72,$5.84,$67.16,2019-11-26
XV1461,Washington$,Furniture,52588500,$21,$15.33,$0.84,$20.16,2019-11-26
XV6693,Washington,Fashion,33681030,$55,$38.5,$1.1,$53.9,2019-11-26
BE4691,Houston,Cosmetics,70965881\,$39,$27.3,$3.9,$35.1,2019-11-26
YR5986,New York,Furniture,86714782_,$55,$38.5,$4.95,$50.05,2019-11-26
YR4098,New York$,Cosmetics,83710021,$53,$31.8,$5.3,$47.7,2019-11-26
YR6068,New York ,Cosmetics,90790710,$71,$43.31,$5.68,$65.32,2019-11-26
GQ7785,Miami&,Electronics,12699890,$14,$8.4,$1.26,$12.74,2019-11-26
BE4691,Houston),Furniture,64753112E,$76,$53.96,$3.8,$72.2,2019-11-26
XV6177,"Washington""",Furniture,90576477B,$87,$63.51,$5.22,$81.78,2019-11-26
OJ4886,Denver!,Furniture,22560119,$88,$66,$2.64,$85.36,2019-11-26
YR1632,New York,Groceries,90823669,$79,$52.14,$5.53,$73.47,2019-11-26
BE9451,Houston,Furniture,64319152R,$98,$65.66,$7.84,$90.16,2019-11-26
BE6167,Houston,Electronics,31654052V,$75,$49.5,$6.75,$68.25,2019-11-26
GQ1372,Miami,Education,44480590H,$69,$50.37,$3.45,$65.55,2019-11-26
XV7687,Washington(,Education,28209838,$88,$53.68,$8.8,$79.2,2019-11-26
OJ5085,Denver%,Groceries,42865600,$95,$66.5,$3.8,$91.2,2019-11-26
YR1845,"New York""",Electronics,38138732,$55,$40.7,$3.3,$51.7,2019-11-26
GQ4368,"Miami""",Groceries,64036254,$75,$51.75,$7.5,$67.5,2019-11-26
YR8837,New York,Cosmetics,63953857,$95,$57,$5.7,$89.3,2019-11-26
XV4797,Washington,Electronics,42489318,$55,$33,$1.1,$53.9,2019-11-26
GQ4201,Miami,Education,30473022_,$87,$53.07,$3.48,$83.52,2019-11-26
GQ9524,Miami+,Furniture,28176879O,$21,$13.65,$0.63,$20.37,2019-11-26
YR6219,New York,Education,99947814B,$42,$28.56,$1.26,$40.74,2019-11-26
GQ9784,Miami,Cosmetics,28822326^,$31,$19.84,$0.93,$30.07,2019-11-26
XV4797,Washington,Groceries,67483215,$45,$29.7,$3.6,$41.4,2019-11-26
GQ8531,Miami,Furniture,85640869J,$41,$26.24,$0.82,$40.18,2019-11-26
XV1780,Washington*,Cosmetics,17682189,$84,$53.76,$5.88,$78.12,2019-11-26
BE5092,Houston*,Electronics,61341857,$89,$56.07,$7.12,$81.88,2019-11-26
GQ6095,Miami,Groceries,83677062Y,$61,$44.53,$4.88,$56.12,2019-11-26
GQ9524,Miami,Groceries,98431701,$55,$37.95,$5.5,$49.5,2019-11-26
OJ4886,Denver,Cosmetics,24114685,$64,$40.96,$3.2,$60.8,2019-11-26
XV5249,Washington*,Kitchen,27764892,$14,$9.52,$0.98,$13.02,2019-11-26
YR6219,New York),Kitchen,68916931^,$37,$26.64,$2.96,$34.04,2019-11-26
YR2955,"New York""",Electronics,68304443,$45,$30.6,$4.5,$40.5,2019-11-26
YR2692,"New York""",Electronics,95498352Z,$27,$17.01,$2.16,$24.84,2019-11-26
XV1780,Washington,Kitchen,94797973,$13,$9.75,$0.52,$12.48,2019-11-26
BE7495,Houston',Fashion,21145629I,$42,$30.24,$3.36,$38.64,2019-11-26
BE2494,Houston,Electronics,38410644,$28,$17.64,$2.8,$25.2,2019-11-26
YR6095,New York+,Kitchen,25152893J,$79,$47.4,$1.58,$77.42,2019-11-26
GQ9387,Miami,Electronics,12084655S,$72,$48.24,$6.48,$65.52,2019-11-26
YR7896,New York',Furniture,22285461\,$61,$41.48,$6.1,$54.9,2019-11-26
BE1377,Houston$,Electronics,35935974K,$50,$35.5,$2.5,$47.5,2019-11-26
YR2955,New York,Cosmetics,82891540Y,$69,$43.47,$2.07,$66.93,2019-11-26
YR8837,New York,Cosmetics,63953857,$95,$57,$5.7,$89.3,2019-11-26
OJ9732,Denver%,Kitchen,40305786,$77,$53.9,$6.16,$70.84,2019-11-26
XV1054,Washington#,Electronics,64190063[,$13,$8.97,$0.78,$12.22,2019-11-26
YR5190,New York,Electronics,39998168,$39,$26.13,$1.17,$37.83,2019-11-26
XV6177,Washington%,Cosmetics,24232788F,$73,$46.72,$5.84,$67.16,2019-11-26
XV6693,Washington,Groceries,25853271,$84,$62.16,$6.72,$77.28,2019-11-26
YR6068,New York,Electronics,97887878,$64,$39.68,$1.92,$62.08,2019-11-26
GQ5000,Miami*,Electronics,75385131,$63,$44.1,$5.04,$57.96,2019-11-26
GQ7896,Miami#,Groceries,57433471I,$74,$48.1,$7.4,$66.6,2019-11-26
OJ5865,Denver),Groceries,29588623,$28,$20.16,$2.8,$25.2,2019-11-26
XV5249,Washington,Cosmetics,25990600,$58,$36.54,$5.8,$52.2,2019-11-26
XV5488,Washington,Fashion,63898925,$51,$37.74,$1.53,$49.47,2019-11-26
OJ8867,Denver(,Fashion,71029052,$24,$17.04,$1.92,$22.08,2019-11-26
XV9784,Washington(,Fashion,49723815D,$59,$40.12,$2.36,$56.64,2019-11-26
XV3949,Washington$,Furniture,78491516G,$70,$51.8,$4.9,$65.1,2019-11-26
OJ2536,Denver+,Cosmetics,55661926G,$72,$50.4,$5.04,$66.96,2019-11-26
XV4304,Washington*,Electronics,90722045`,$79,$52.14,$7.11,$71.89,2019-11-26
BE9667,Houston,Furniture,55807495E,$62,$40.92,$5.58,$56.42,2019-11-26
OJ9422,"Denver""",Education,30882263,$79,$59.25,$5.53,$73.47,2019-11-26
GQ4201,Miami,Kitchen,30102233C,$86,$55.04,$5.16,$80.84,2019-11-26
BE5249,Houston,Groceries,98363037,$68,$44.88,$6.12,$61.88,2019-11-26
XV2163,Washington!,Furniture,33002624`,$74,$53.28,$5.92,$68.08,2019-11-26
BE9451,Houston+,Fashion,16553344,$84,$53.76,$1.68,$82.32,2019-11-26
OJ5865,Denver ,Kitchen,46806945,$53,$38.16,$3.18,$49.82,2019-11-26
XV6365,Washington',Furniture,46765747],$75,$54,$6.75,$68.25,2019-11-26
YR4226,New York,Education,98025207,$38,$25.84,$1.9,$36.1,2019-11-26
BE3513,Houston ,Groceries,13021240,$27,$16.2,$1.08,$25.92,2019-11-26
BE1054,Houston,Fashion,28429565,$72,$51.12,$1.44,$70.56,2019-11-26
YR7896,New York,Cosmetics,45985717J,$69,$46.92,$1.38,$67.62,2019-11-26
GQ5324,Miami+,Cosmetics,62349853,$28,$17.08,$2.8,$25.2,2019-11-26
OJ2536,Denver&,Furniture,69367370Z,$87,$53.07,$1.74,$85.26,2019-11-26
BE7495,Houston,Education,70707702P,$10,$7.1,$0.4,$9.6,2019-11-26
YR5190,New York,Education,69306945H,$76,$51.68,$6.84,$69.16,2019-11-26
BE4797,Houston$,Education,69820556Z,$98,$68.6,$1.96,$96.04,2019-11-26
BE5386,Houston+,Kitchen,79752197,$100,$64,$6,$94,2019-11-26
BE9667,Houston,Education,54802246,$70,$50.4,$1.4,$68.6,2019-11-26
GQ4721,"Miami""",Cosmetics,21299438Z,$97,$62.08,$1.94,$95.06,2019-11-26
GQ1372,Miami,Kitchen,99697875I,$12,$8.88,$0.84,$11.16,2019-11-26
YR6219,New York,Furniture,60517883`,$16,$10.88,$0.96,$15.04,2019-11-26
OJ2955,Denver,Cosmetics,89409179,$56,$39.2,$1.12,$54.88,2019-11-26
OJ2461,Denver(,Groceries,75673522,$84,$54.6,$8.4,$75.6,2019-11-26
XV5249,Washington,Electronics,47694091U,$21,$14.28,$1.26,$19.74,2019-11-26
XV8391,Washington*,Education,15545349,$54,$35.1,$4.86,$49.14,2019-11-26
OJ2955,"Denver""",Furniture,31687011,$67,$46.23,$1.34,$65.66,2019-11-26
GQ3170,Miami(,Groceries,38067321O,$45,$29.7,$3.6,$41.4,2019-11-26
YR6095,New York,Fashion,43782958,$89,$59.63,$8.01,$80.99,2019-11-26
OJ2470,Denver,Groceries,65335388],$34,$23.8,$3.4,$30.6,2019-11-26
BE4659,Houston(,Fashion,25545654,$95,$64.6,$3.8,$91.2,2019-11-26
GQ4211,Miami,Fashion,15784301,$21,$13.02,$1.68,$19.32,2019-11-26
YR7220,New York,Fashion,86404418,$69,$48.3,$4.83,$64.17,2019-11-26
YR1475,New York,Kitchen,71971130M,$69,$42.78,$4.14,$64.86,2019-11-26
YR8867,New York&,Groceries,36619873X,$98,$67.62,$9.8,$88.2,2019-11-26
