ORDER_ID,SUBSCRIBER_ID,STATUS_DATE,STATUS_TIME,STATUS
100159,200427,20230223,83209,ASSIGNED
100159,200427,20230223,74232,RETURNED
100159,200427,20230222,95056,CREATED
100410,200366,20230223,91017,ASSIGNED
100410,200366,20230223,30301,RETURNED
100410,200366,20230222,93638,CREATED
100497,200024,20230222,105418,POOL
100497,200024,20230222,105418,CREATED
100539,200012,20230222,112855,COMPLETED
100539,200012,20230222,95408,CREATED
100575,200573,20230223,85951,ASSIGNED
100575,200573,20230223,41932,RETURNED
100575,200573,20230222,105441,CREATED
100259,200192,20230223,83115,ASSIGNED
100259,200192,20230222,94751,CREATED
100563,200421,20230223,82133,ASSIGNED
100563,200421,20230223,74734,RETURNED
100563,200421,20230222,94100,CREATED
100230,200049,20230222,182650,COMPLETED
100230,200049,20230222,161234,RETURNED
100230,200049,20230222,105708,CREATED
100139,200078,20230222,122817,COMPLETED
100139,200078,20230222,93841,CREATED
100511,200495,20230222,105514,POOL
100511,200495,20230222,105514,CREATED
100099,200199,20230223,90346,ASSIGNED
100099,200199,20230223,74715,RETURNED
100099,200199,20230222,94123,CREATED
100399,200373,20230221,190801,COMPLETED
100399,200373,20230221,163800,CREATED
100188,200156,20230222,165422,COMPLETED
100188,200156,20230222,151355,RETURNED
100188,200156,20230221,163807,CREATED
100492,200344,20230223,90159,ASSIGNED
100492,200344,20230223,74715,RETURNED
100492,200344,20230222,95347,CREATED
100483,200338,20230223,82229,ASSIGNED
100483,200338,20230223,74440,RETURNED
100483,200338,20230222,105357,CREATED
100288,200330,20230221,171258,COMPLETED
100288,200330,20230221,161205,CREATED
100439,200218,20230223,91144,ASSIGNED
100439,200218,20230223,41932,RETURNED
100439,200218,20230222,95510,CREATED
100077,200284,20230222,165216,COMPLETED
100077,200284,20230222,151355,RETURNED
100077,200284,20230222,94646,CREATED
100165,200031,20230222,223458,COMPLETED
100165,200031,20230222,165502,RETURNED
100165,200031,20230222,105740,CREATED
100503,200179,20230223,82311,ASSIGNED
100503,200179,20230223,74440,RETURNED
100503,200179,20230222,95026,CREATED
100081,200280,20230222,123825,COMPLETED
100081,200280,20230222,104716,RETURNED
100081,200280,20230222,93600,CREATED
100552,200439,20230222,135854,POOL
100552,200439,20230222,135854,CREATED
100107,200588,20230223,80443,RETURNED
100107,200588,20230223,80443,POOL
100107,200588,20230222,93724,CREATED
100358,200086,20230223,81145,ASSIGNED
100358,200086,20230223,31634,RETURNED
100358,200086,20230222,94442,CREATED
100468,200383,20230223,83549,ASSIGNED
100468,200383,20230223,74232,RETURNED
100468,200383,20230222,93903,CREATED
100523,200141,20230223,91010,ASSIGNED
100523,200141,20230223,31234,RETURNED
100523,200141,20230222,93928,CREATED
100283,200266,20230223,85727,ASSIGNED
100283,200266,20230223,41932,RETURNED
100283,200266,20230222,105436,CREATED
100280,200020,20230222,140936,COMPLETED
100280,200020,20230222,95001,CREATED
100057,200560,20230222,193056,COMPLETED
100057,200560,20230222,163434,RETURNED
100057,200560,20230222,95034,CREATED
100300,200102,20230223,32641,COMPLETED
100300,200102,20230222,234258,RETURNED
100300,200102,20230222,95054,CREATED
100038,200572,20230223,82047,ASSIGNED
100038,200572,20230223,74734,RETURNED
100038,200572,20230222,94455,CREATED
100404,200134,20230222,204527,CANCELLED
100404,200134,20230222,203546,RETURNED
100404,200134,20230222,95325,CREATED
100572,200259,20230223,83433,ASSIGNED
100572,200259,20230223,23501,RETURNED
100572,200259,20230222,94636,CREATED
100134,200390,20230222,204509,CANCELLED
100134,200390,20230222,204011,RETURNED
100134,200390,20230222,105628,CREATED
100213,200576,20230222,154821,COMPLETED
100213,200576,20230222,101513,RETURNED
100213,200576,20230222,94213,CREATED
100354,200429,20230222,153948,COMPLETED
100354,200429,20230222,105431,CREATED
100264,200551,20230222,94714,POOL
100264,200551,20230222,94714,CREATED
100195,200164,20230223,83342,ASSIGNED
100195,200164,20230223,75416,RETURNED
100195,200164,20230222,94145,CREATED
100499,200189,20230222,140843,COMPLETED
100499,200189,20230222,101521,RETURNED
100499,200189,20230222,95200,CREATED
100309,200169,20230223,80907,ASSIGNED
100309,200169,20230223,74734,RETURNED
100309,200169,20230222,143357,CREATED
100386,200158,20230222,173804,COMPLETED
100386,200158,20230222,161105,RETURNED
100386,200158,20230222,105657,CREATED
100246,200301,20230222,133244,COMPLETED
100246,200301,20230222,105713,CREATED
100506,200382,20230222,190104,COMPLETED
100506,200382,20230222,170934,RETURNED
100506,200382,20230222,94934,CREATED
100231,200225,20230222,214514,COMPLETED
100231,200225,20230222,95023,CREATED
100402,200374,20230222,230626,COMPLETED
100402,200374,20230222,154525,RETURNED
100402,200374,20230222,95332,CREATED
100396,200082,20230223,85708,ASSIGNED
100396,200082,20230223,41932,RETURNED
100396,200082,20230222,105433,CREATED
100290,200037,20230222,94711,POOL
100290,200037,20230222,94711,CREATED
100398,200552,20230222,21911,COMPLETED
100398,200552,20230221,164030,CREATED
100056,200033,20230221,190912,COMPLETED
100056,200033,20230221,163850,CREATED
100135,200231,20230223,90603,ASSIGNED
100135,200231,20230223,41932,RETURNED
100135,200231,20230222,95121,CREATED
100484,200052,20230222,151337,COMPLETED
100484,200052,20230222,105428,CREATED
100299,200549,20230222,145920,COMPLETED
100299,200549,20230222,93843,CREATED
100161,200117,20230221,172019,CANCELLED
100161,200117,20230221,171544,RETURNED
100161,200117,20230221,163714,CREATED
100431,200117,20230222,204937,CANCELLED
100431,200117,20230222,172904,RETURNED
100431,200117,20230222,135807,CREATED
100536,200159,20230222,103015,COMPLETED
100536,200159,20230222,93908,CREATED
100005,200546,20230222,94727,POOL
100005,200546,20230222,94727,CREATED
100113,200223,20230222,105919,CANCELLED
100113,200223,20230222,105122,RETURNED
100113,200223,20230221,163840,CREATED
100508,200223,20230222,180528,COMPLETED
100508,200223,20230222,135903,CREATED
100342,200568,20230222,184007,COMPLETED
100342,200568,20230222,154314,RETURNED
100342,200568,20230222,105329,CREATED
100351,200282,20230223,84749,ASSIGNED
100351,200282,20230223,23346,RETURNED
100351,200282,20230222,94321,CREATED
100127,200347,20230222,95147,POOL
100127,200347,20230222,95147,CREATED
100174,200055,20230223,94603,COMPLETED
100174,200055,20230223,80443,RETURNED
100174,200055,20230222,94430,CREATED
100384,200441,20230222,115156,COMPLETED
100384,200441,20230222,94533,CREATED
100120,200365,20230222,181043,COMPLETED
100120,200365,20230222,163444,RETURNED
100120,200365,20230222,95444,CREATED
100400,200443,20230223,101236,ASSIGNED
100400,200443,20230223,81937,RETURNED
100400,200443,20230222,95459,CREATED
100030,200144,20230223,83447,ASSIGNED
100030,200144,20230223,23513,RETURNED
100030,200144,20230222,94639,CREATED
100338,200472,20230223,91221,ASSIGNED
100338,200472,20230223,41932,RETURNED
100338,200472,20230222,95521,CREATED
100007,200486,20230223,91359,ASSIGNED
100007,200486,20230223,41932,RETURNED
100007,200486,20230222,105448,CREATED
100097,200337,20230222,105255,POOL
100097,200337,20230222,105255,CREATED
100369,200109,20230222,105533,POOL
100369,200109,20230222,105533,CREATED
100401,200185,20230222,94212,ASSIGNED
100401,200185,20230222,94032,CREATED
100504,200277,20230222,180018,COMPLETED
100504,200277,20230222,154314,RETURNED
100504,200277,20230222,95044,CREATED
100445,200541,20230223,14249,CANCELLED
100445,200541,20230223,12723,RETURNED
100445,200541,20230222,93740,CREATED
100562,200226,20230223,24837,COMPLETED
100562,200226,20230222,235512,RETURNED
100562,200226,20230222,93833,CREATED
100320,200334,20230221,163936,POOL
100320,200334,20230221,163936,CREATED
100557,200584,20230222,105536,POOL
100557,200584,20230222,105536,CREATED
100234,200385,20230223,83424,ASSIGNED
100234,200385,20230223,74232,RETURNED
100234,200385,20230222,94251,CREATED
100194,200269,20230222,94359,POOL
100194,200269,20230222,94359,CREATED
100196,200028,20230222,94408,POOL
100196,200028,20230222,94408,CREATED
100093,200146,20230222,185737,COMPLETED
100093,200146,20230222,155709,RETURNED
100093,200146,20230222,94445,CREATED
100232,200177,20230222,173027,COMPLETED
100232,200177,20230222,154525,RETURNED
100232,200177,20230222,94505,CREATED
100112,200345,20230223,90407,ASSIGNED
100112,200345,20230223,74715,RETURNED
100112,200345,20230222,93819,CREATED
100088,200449,20230223,21127,COMPLETED
100088,200449,20230222,234157,RETURNED
100088,200449,20230222,95457,CREATED
100526,200426,20230222,94041,CREATED
100526,200426,20230223,14245,CANCELLED
100526,200426,20230223,12440,RETURNED
100521,200465,20230222,94644,ASSIGNED
100521,200465,20230222,94436,CREATED
100054,200316,20230221,164001,POOL
100054,200316,20230221,164001,CREATED
100175,200128,20230222,205735,COMPLETED
100175,200128,20230222,154525,RETURNED
100175,200128,20230222,94842,CREATED
100032,200276,20230222,111203,COMPLETED
100032,200276,20230222,105800,CREATED
100488,200435,20230222,120036,COMPLETED
100488,200435,20230222,110322,RETURNED
100488,200435,20230222,105359,CREATED
100132,200354,20230223,94343,COMPLETED
100132,200354,20230223,74734,RETURNED
100132,200354,20230222,94830,CREATED
100254,200464,20230222,215521,COMPLETED
100254,200464,20230222,161234,RETURNED
100254,200464,20230222,94910,CREATED
100454,200089,20230223,90709,ASSIGNED
100454,200089,20230223,23317,RETURNED
100454,200089,20230222,94313,CREATED
100157,200380,20230222,224120,CANCELLED
100157,200380,20230222,222657,RETURNED
100157,200380,20230222,105246,CREATED
100370,200493,20230222,95257,POOL
100370,200493,20230222,95257,CREATED
100558,200060,20230221,195453,COMPLETED
100558,200060,20230221,164025,CREATED
100184,200255,20230222,171715,COMPLETED
100184,200255,20230222,154648,RETURNED
100184,200255,20230222,94547,CREATED
100291,200151,20230223,22432,COMPLETED
100291,200151,20230222,232504,RETURNED
100291,200151,20230222,95449,CREATED
100045,200396,20230222,115505,COMPLETED
100045,200396,20230222,93900,CREATED
100531,200437,20230222,105521,POOL
100531,200437,20230222,105521,CREATED
100576,200392,20230222,221451,COMPLETED
100576,200392,20230222,105743,CREATED
100433,200524,20230222,133558,COMPLETED
100433,200524,20230222,94306,CREATED
100294,200528,20230223,82955,ASSIGNED
100294,200528,20230222,95239,CREATED
100058,200405,20230223,20437,COMPLETED
100058,200405,20230222,235512,RETURNED
100058,200405,20230222,93828,CREATED
100186,200101,20230223,73818,RETURNED
100186,200101,20230223,73818,POOL
100186,200101,20230221,161208,CREATED
100035,200538,20230223,90446,ASSIGNED
100035,200538,20230223,81837,RETURNED
100035,200538,20230222,94631,CREATED
100421,200252,20230222,194351,CANCELLED
100421,200252,20230222,193920,RETURNED
100421,200252,20230222,94110,CREATED
100550,200287,20230222,101213,ASSIGNED
100550,200287,20230222,94848,CREATED
100128,200227,20230223,83225,ASSIGNED
100128,200227,20230223,23443,RETURNED
100128,200227,20230222,94334,CREATED
100137,200517,20230221,163911,POOL
100137,200517,20230221,163911,CREATED
100166,200455,20230222,94414,POOL
100166,200455,20230222,94414,CREATED
100190,200285,20230223,82240,ASSIGNED
100190,200285,20230223,74440,RETURNED
100190,200285,20230222,95438,CREATED
100083,200401,20230222,135810,POOL
100083,200401,20230222,135810,CREATED
100491,200238,20230221,163823,POOL
100491,200238,20230221,163823,CREATED
100520,200411,20230223,90928,ASSIGNED
100520,200411,20230223,23005,RETURNED
100520,200411,20230222,93628,CREATED
100090,200243,20230222,154958,COMPLETED
100090,200243,20230222,95419,CREATED
100147,200508,20230221,163946,POOL
100147,200508,20230221,163946,CREATED
100275,200220,20230223,80443,RETURNED
100275,200220,20230223,80443,POOL
100275,200220,20230221,164007,CREATED
100481,200195,20230223,24623,COMPLETED
100481,200195,20230223,23204,RETURNED
100481,200195,20230222,94758,CREATED
100434,200529,20230222,213658,COMPLETED
100434,200529,20230222,94237,CREATED
100534,200246,20230222,175306,COMPLETED
100534,200246,20230222,154055,RETURNED
100534,200246,20230222,95344,CREATED
100110,200424,20230223,90821,ASSIGNED
100110,200424,20230223,23201,RETURNED
100110,200424,20230222,93935,CREATED
100311,200042,20230222,93705,POOL
100311,200042,20230222,93705,CREATED
100346,200116,20230222,172814,COMPLETED
100346,200116,20230222,155221,RETURNED
100346,200116,20230222,135857,CREATED
100532,200391,20230223,90148,ASSIGNED
100532,200391,20230223,74715,RETURNED
100532,200391,20230222,95350,CREATED
100335,200322,20230223,90759,ASSIGNED
100335,200322,20230223,23241,RETURNED
100335,200322,20230222,93940,CREATED
100136,200336,20230222,165134,COMPLETED
100136,200336,20230222,151355,RETURNED
100136,200336,20230222,105446,CREATED
100142,200527,20230222,150515,COMPLETED
100142,200527,20230222,94740,CREATED
100279,200509,20230222,123438,COMPLETED
100279,200509,20230222,94201,CREATED
100302,200525,20230223,81426,ASSIGNED
100302,200525,20230223,74734,RETURNED
100302,200525,20230222,95318,CREATED
100322,200532,20230222,205028,CANCELLED
100322,200532,20230222,204518,RETURNED
100322,200532,20230222,135840,CREATED
100375,200532,20230221,214741,CANCELLED
100375,200532,20230221,214643,RETURNED
100375,200532,20230221,164022,CREATED
100111,200456,20230223,92928,ASSIGNED
100111,200456,20230223,92213,RETURNED
100111,200456,20230222,93945,CREATED
100502,200564,20230221,163827,POOL
100502,200564,20230221,163827,CREATED
100512,200182,20230223,90041,ASSIGNED
100512,200182,20230223,74715,RETURNED
100512,200182,20230222,105659,CREATED
100509,200308,20230222,154926,COMPLETED
100509,200308,20230222,101350,RETURNED
100509,200308,20230222,94207,CREATED
100241,200061,20230223,83108,ASSIGNED
100241,200061,20230223,81557,RETURNED
100241,200061,20230222,105727,CREATED
100015,200370,20230222,104122,COMPLETED
100015,200370,20230222,94246,CREATED
100276,200555,20230223,90540,ASSIGNED
100276,200555,20230223,41932,RETURNED
100276,200555,20230222,95126,CREATED
100460,200575,20230222,154908,COMPLETED
100460,200575,20230222,95433,CREATED
100424,200364,20230222,141302,COMPLETED
100424,200364,20230222,94621,CREATED
100556,200091,20230223,83230,ASSIGNED
100556,200091,20230223,74916,RETURNED
100556,200091,20230222,94628,CREATED
100281,200473,20230222,175058,COMPLETED
100281,200473,20230222,151355,RETURNED
100281,200473,20230222,93949,CREATED
100277,200332,20230222,123023,RETURNED
100277,200332,20230222,123023,POOL
100277,200332,20230222,95042,CREATED
100498,200580,20230222,123449,COMPLETED
100498,200580,20230222,93615,CREATED
100314,200469,20230223,91306,ASSIGNED
100314,200469,20230223,41932,RETURNED
100314,200469,20230222,105241,CREATED
100546,200479,20230222,93659,POOL
100546,200479,20230222,93659,CREATED
100203,200578,20230222,182015,COMPLETED
100203,200578,20230222,155709,RETURNED
100203,200578,20230222,95218,CREATED
100478,200172,20230223,83311,ASSIGNED
100478,200172,20230223,74232,RETURNED
100478,200172,20230222,94619,CREATED
100267,200400,20230222,95154,POOL
100267,200400,20230222,95154,CREATED
100033,200518,20230222,93649,POOL
100033,200518,20230222,93649,CREATED
100395,200066,20230222,104642,COMPLETED
100395,200066,20230222,93804,CREATED
100542,200198,20230222,154558,COMPLETED
100542,200198,20230222,100948,RETURNED
100542,200198,20230222,93838,CREATED
100387,200586,20230223,82357,ASSIGNED
100387,200586,20230223,74440,RETURNED
100387,200586,20230222,94550,CREATED
100185,200153,20230222,192940,COMPLETED
100185,200153,20230222,163421,RETURNED
100185,200153,20230222,94601,CREATED
100416,200125,20230222,94724,POOL
100416,200125,20230222,94724,CREATED
100301,200200,20230222,144638,COMPLETED
100301,200200,20230222,94814,CREATED
100448,200112,20230222,131940,COMPLETED
100448,200112,20230222,95109,CREATED
100083,200490,20230222,135810,POOL
100083,200490,20230222,135810,CREATED
100176,200228,20230221,163915,POOL
100176,200228,20230221,163915,CREATED
100466,200293,20230223,83132,ASSIGNED
100466,200293,20230222,94746,CREATED
100226,200498,20230222,123040,RETURNED
100226,200498,20230222,123040,POOL
100226,200498,20230222,95039,CREATED
100004,200234,20230222,104426,COMPLETED
100004,200234,20230222,93758,CREATED
100017,200096,20230222,141120,COMPLETED
100017,200096,20230222,94541,CREATED
100262,200583,20230222,172239,COMPLETED
100262,200583,20230222,160111,RETURNED
100262,200583,20230222,95446,CREATED
100352,200098,20230223,40655,COMPLETED
100352,200098,20230223,40509,RETURNED
100352,200098,20230222,93855,CREATED
100066,200191,20230222,211853,COMPLETED
100066,200191,20230222,105751,CREATED
100002,200121,20230222,93712,POOL
100002,200121,20230222,93712,CREATED
100567,200022,20230221,185800,ASSIGNED
100567,200022,20230221,185545,CREATED
100340,200043,20230222,184901,COMPLETED
100340,200043,20230222,154314,RETURNED
100340,200043,20230222,95047,CREATED
100064,200278,20230222,125357,COMPLETED
100064,200278,20230222,94303,CREATED
100427,200361,20230223,95402,COMPLETED
100427,200361,20230223,80443,RETURNED
100427,200361,20230222,95249,CREATED
100409,200233,20230221,213244,COMPLETED
100409,200233,20230221,163717,CREATED
100284,200268,20230222,142949,CANCELLED
100284,200268,20230222,142116,RETURNED
100284,200268,20230222,135906,CREATED
100347,200268,20230222,144313,ASSIGNED
100347,200268,20230222,143400,CREATED
100480,200531,20230223,83055,ASSIGNED
100480,200531,20230223,81557,RETURNED
100480,200531,20230222,105730,CREATED
100425,200536,20230223,94654,COMPLETED
100425,200536,20230223,80443,RETURNED
100425,200536,20230222,95230,CREATED
100094,200434,20230222,190555,CANCELLED
100094,200434,20230222,182536,RETURNED
100094,200434,20230222,94501,CREATED
100034,200360,20230223,82344,ASSIGNED
100034,200360,20230223,74440,RETURNED
100034,200360,20230222,93852,CREATED
100168,200375,20230222,223452,COMPLETED
100168,200375,20230222,154525,RETURNED
100168,200375,20230221,164016,CREATED
100529,200387,20230222,122422,COMPLETED
100529,200387,20230222,102051,RETURNED
100529,200387,20230222,94854,CREATED
100380,200206,20230221,203012,COMPLETED
100380,200206,20230221,164028,CREATED
100269,200178,20230222,223558,COMPLETED
100269,200178,20230222,165440,RETURNED
100269,200178,20230222,105738,CREATED
100117,200105,20230222,151110,COMPLETED
100117,200105,20230222,95101,CREATED
100258,200085,20230223,84824,ASSIGNED
100258,200085,20230223,23542,RETURNED
100258,200085,20230222,95111,CREATED
100330,200515,20230223,15153,COMPLETED
100330,200515,20230222,235512,RETURNED
100330,200515,20230222,94516,CREATED
100225,200193,20230222,154844,COMPLETED
100225,200193,20230222,95421,CREATED
100122,200165,20230222,223935,COMPLETED
100122,200165,20230222,94552,CREATED
100415,200571,20230223,91210,ASSIGNED
100415,200571,20230223,41932,RETURNED
100415,200571,20230222,95518,CREATED
100222,200343,20230223,82604,ASSIGNED
100222,200343,20230223,82240,RETURNED
100222,200343,20230222,94826,CREATED
100206,200135,20230223,90213,ASSIGNED
100206,200135,20230223,74715,RETURNED
100206,200135,20230222,94921,CREATED
100473,200331,20230223,90931,ASSIGNED
100473,200331,20230223,41932,RETURNED
100473,200331,20230222,95128,CREATED
100475,200283,20230223,82007,ASSIGNED
100475,200283,20230223,74734,RETURNED
100475,200283,20230221,163918,CREATED
100381,200110,20230222,122407,COMPLETED
100381,200110,20230222,94522,CREATED
100337,200377,20230221,180151,COMPLETED
100337,200377,20230221,163853,CREATED
100513,200540,20230222,105402,POOL
100513,200540,20230222,105402,CREATED
100060,200446,20230222,105530,POOL
100060,200446,20230222,105530,CREATED
100025,200201,20230223,92803,ASSIGNED
100025,200201,20230223,80443,RETURNED
100025,200201,20230222,105311,CREATED
100266,200556,20230223,94746,COMPLETED
100266,200556,20230223,80443,RETURNED
100266,200556,20230222,94805,CREATED
100193,200143,20230222,93646,POOL
100193,200143,20230222,93646,CREATED
100228,200104,20230222,232249,COMPLETED
100228,200104,20230222,154525,RETURNED
100228,200104,20230222,95334,CREATED
100359,200417,20230223,13115,COMPLETED
100359,200417,20230222,235512,RETURNED
100359,200417,20230222,93825,CREATED
100068,200431,20230222,154543,COMPLETED
100068,200431,20230222,101053,RETURNED
100068,200431,20230222,93835,CREATED
100164,200265,20230221,184336,COMPLETED
100164,200265,20230221,164010,CREATED
100075,200119,20230223,81505,ASSIGNED
100075,200119,20230223,74734,RETURNED
100075,200119,20230222,94833,CREATED
100263,200044,20230222,105239,COMPLETED
100263,200044,20230222,94137,CREATED
100239,200074,20230222,194520,COMPLETED
100239,200074,20230222,95029,CREATED
100202,200445,20230223,90736,ASSIGNED
100202,200445,20230223,23306,RETURNED
100202,200445,20230222,94311,CREATED
100547,200123,20230223,90023,ASSIGNED
100547,200123,20230223,41932,RETURNED
100547,200123,20230222,95123,CREATED
100449,200505,20230221,163942,POOL
100449,200505,20230221,163942,CREATED
100248,200290,20230222,93656,POOL
100248,200290,20230222,93656,CREATED
100429,200563,20230223,81220,ASSIGNED
100429,200563,20230223,74734,RETURNED
100429,200563,20230222,105353,CREATED
100059,200326,20230222,230248,COMPLETED
100059,200326,20230222,154525,RETURNED
100059,200326,20230222,93810,CREATED
100514,200315,20230222,101921,ASSIGNED
100514,200315,20230222,93813,CREATED
100581,200289,20230223,82033,ASSIGNED
100581,200289,20230223,74734,RETURNED
100581,200289,20230222,94054,CREATED
100218,200406,20230223,82144,ASSIGNED
100218,200406,20230223,74734,RETURNED
100218,200406,20230222,94057,CREATED
100296,200077,20230222,223625,COMPLETED
100296,200077,20230222,154525,RETURNED
100296,200077,20230222,94840,CREATED
100084,200477,20230223,90335,ASSIGNED
100084,200477,20230223,74715,RETURNED
100084,200477,20230222,94856,CREATED
100390,200557,20230223,90314,ASSIGNED
100390,200557,20230223,74715,RETURNED
100390,200557,20230222,94905,CREATED
100391,200124,20230222,85627,COMPLETED
100391,200124,20230222,82507,RETURNED
100391,200124,20230221,163856,CREATED
100341,200065,20230223,95639,RETURNED
100341,200065,20230223,95639,POOL
100341,200065,20230222,135802,CREATED
100244,200115,20230222,145410,COMPLETED
100244,200115,20230222,95402,CREATED
100438,200522,20230223,90428,ASSIGNED
100438,200522,20230223,22812,RETURNED
100438,200522,20230221,163721,CREATED
100292,200235,20230222,94721,POOL
100292,200235,20230222,94721,CREATED
100336,200296,20230222,181058,COMPLETED
100336,200296,20230222,162415,RETURNED
100336,200296,20230222,94820,CREATED
100024,200537,20230222,130424,COMPLETED
100024,200537,20230222,105650,CREATED
100167,200416,20230222,115055,COMPLETED
100167,200416,20230222,94940,CREATED
100461,200483,20230222,215006,COMPLETED
100461,200483,20230222,154617,RETURNED
100461,200483,20230222,94218,CREATED
100163,200491,20230223,90054,ASSIGNED
100163,200491,20230223,41932,RETURNED
100163,200491,20230222,95119,CREATED
100537,200348,20230222,223929,COMPLETED
100537,200348,20230222,154525,RETURNED
100537,200348,20230221,163921,CREATED
100360,200433,20230222,133759,CANCELLED
100360,200433,20230222,124540,RETURNED
100360,200433,20230222,94524,CREATED
100216,200142,20230222,131320,COMPLETED
100216,200142,20230222,94544,CREATED
100145,200184,20230223,83043,ASSIGNED
100145,200184,20230223,74232,RETURNED
100145,200184,20230222,95452,CREATED
100459,200503,20230223,83258,ASSIGNED
100459,200503,20230222,234941,RETURNED
100459,200503,20230222,93958,CREATED
100349,200313,20230221,163834,POOL
100349,200313,20230221,163834,CREATED
100189,200167,20230223,94725,COMPLETED
100189,200167,20230223,80443,RETURNED
100189,200167,20230222,105554,CREATED
100170,200497,20230222,164206,COMPLETED
100170,200497,20230222,162938,RETURNED
100170,200497,20230222,94140,CREATED
100430,200211,20230222,215806,COMPLETED
100430,200211,20230222,94229,CREATED
100524,200249,20230221,163831,POOL
100524,200249,20230221,163831,CREATED
100293,200118,20230222,94418,POOL
100293,200118,20230222,94418,CREATED
100462,200139,20230222,181217,COMPLETED
100462,200139,20230222,151727,RETURNED
100462,200139,20230222,95424,CREATED
100507,200288,20230223,91036,ASSIGNED
100507,200288,20230223,81812,RETURNED
100507,200288,20230222,93920,CREATED
100543,200256,20230221,215018,COMPLETED
100543,200256,20230221,163751,CREATED
100162,200054,20230222,120135,COMPLETED
100162,200054,20230222,95051,CREATED
100151,200393,20230222,124026,COMPLETED
100151,200393,20230222,94256,CREATED
100553,200129,20230222,145605,COMPLETED
100553,200129,20230222,61750,RETURNED
100553,200129,20230221,163905,CREATED
100339,200353,20230222,95212,POOL
100339,200353,20230222,95212,CREATED
100255,200389,20230222,173300,COMPLETED
100255,200389,20230222,155202,RETURNED
100255,200389,20230222,94439,CREATED
100305,200408,20230222,105405,POOL
100305,200408,20230222,105405,CREATED
100437,200023,20230223,91318,ASSIGNED
100437,200023,20230223,41932,RETURNED
100437,200023,20230222,105411,CREATED
100522,200398,20230223,83017,ASSIGNED
100522,200398,20230223,74232,RETURNED
100522,200398,20230222,95454,CREATED
100086,200108,20230222,94656,ASSIGNED
100086,200108,20230222,94433,CREATED
100440,200035,20230223,20928,COMPLETED
100440,200035,20230222,235512,RETURNED
100440,200035,20230222,94519,CREATED
100171,200501,20230222,215217,COMPLETED
100171,200501,20230222,162415,RETURNED
100171,200501,20230222,105625,CREATED
100245,200127,20230222,181234,COMPLETED
100245,200127,20230222,154628,RETURNED
100245,200127,20230222,95014,CREATED
100102,200041,20230222,93652,POOL
100102,200041,20230222,93652,CREATED
100071,200299,20230223,82235,ASSIGNED
100071,200299,20230222,234114,RETURNED
100071,200299,20230222,95215,CREATED
100237,200444,20230223,33837,CANCELLED
100237,200444,20230223,11207,RETURNED
100237,200444,20230222,93911,CREATED
100251,200530,20230222,123643,COMPLETED
100251,200530,20230222,93915,CREATED
100156,200489,20230222,94201,ASSIGNED
100156,200489,20230222,94036,CREATED
100152,200327,20230222,153810,COMPLETED
100152,200327,20230222,95106,CREATED
100140,200011,20230223,85930,ASSIGNED
100140,200011,20230223,41932,RETURNED
100140,200011,20230222,105439,CREATED
100130,200379,20230223,13647,CANCELLED
100130,200379,20230223,10630,RETURNED
100130,200379,20230222,105539,CREATED
100027,200320,20230222,120700,COMPLETED
100027,200320,20230222,90728,RETURNED
100027,200320,20230221,163739,CREATED
100565,200481,20230222,164805,ASSIGNED
100565,200481,20230222,161234,RETURNED
100565,200481,20230222,94913,CREATED
100470,200274,20230222,175038,COMPLETED
100470,200274,20230222,151355,RETURNED
100470,200274,20230222,95133,CREATED
100365,200194,20230222,175012,COMPLETED
100365,200194,20230222,151355,RETURNED
100365,200194,20230222,94700,CREATED
100154,200016,20230222,201251,COMPLETED
100154,200016,20230222,165942,RETURNED
100154,200016,20230222,94045,CREATED
100104,200297,20230222,181215,COMPLETED
100104,200297,20230222,154055,RETURNED
100104,200297,20230222,94153,CREATED
100307,200499,20230222,154432,COMPLETED
100307,200499,20230222,94948,CREATED
100343,200076,20230223,83419,ASSIGNED
100343,200076,20230223,31136,RETURNED
100343,200076,20230222,94341,CREATED
100373,200357,20230222,95139,POOL
100373,200357,20230222,95139,CREATED
100141,200257,20230222,95224,POOL
100141,200257,20230222,95224,CREATED
100442,200222,20230223,90356,ASSIGNED
100442,200222,20230223,74715,RETURNED
100442,200222,20230222,93822,CREATED
100217,200463,20230223,34329,COMPLETED
100217,200463,20230222,235512,RETURNED
100217,200463,20230222,105408,CREATED
100026,200097,20230222,160608,COMPLETED
100026,200097,20230222,94918,CREATED
100447,200467,20230222,191416,COMPLETED
100447,200467,20230222,154038,RETURNED
100447,200467,20230222,94932,CREATED
100055,200500,20230222,135756,POOL
100055,200500,20230222,135756,CREATED
100078,200087,20230222,93903,ASSIGNED
100078,200087,20230222,93721,CREATED
100467,200130,20230222,192826,COMPLETED
100467,200130,20230222,160031,RETURNED
100467,200130,20230222,95254,CREATED
100252,200312,20230223,81914,ASSIGNED
100252,200312,20230223,74734,RETURNED
100252,200312,20230222,94458,CREATED
100406,200372,20230222,80620,CANCELLED
100406,200372,20230222,64533,RETURNED
100406,200372,20230221,163933,CREATED
100580,200372,20230222,172826,COMPLETED
100580,200372,20230222,151355,RETURNED
100580,200372,20230222,135843,CREATED
100379,200250,20230222,135900,POOL
100379,200250,20230222,135900,CREATED
100527,200202,20230223,80443,RETURNED
100527,200202,20230223,80443,POOL
100527,200202,20230222,94014,CREATED
100085,200229,20230222,125141,COMPLETED
100085,200229,20230222,105321,CREATED
100382,200478,20230223,15135,COMPLETED
100382,200478,20230223,148,RETURNED
100382,200478,20230222,105331,CREATED
100393,200040,20230222,165453,COMPLETED
100393,200040,20230222,151355,RETURNED
100393,200040,20230221,163805,CREATED
100182,200059,20230223,81411,ASSIGNED
100182,200059,20230223,74734,RETURNED
100182,200059,20230222,95322,CREATED
100095,200072,20230223,22808,COMPLETED
100095,200072,20230222,235512,RETURNED
100095,200072,20230222,95359,CREATED
100169,200154,20230222,152000,COMPLETED
100169,200154,20230222,135805,CREATED
100211,200154,20230221,202815,CANCELLED
100211,200154,20230221,202707,RETURNED
100211,200154,20230221,163748,CREATED
100149,200237,20230222,224817,COMPLETED
100149,200237,20230222,94555,CREATED
100201,200025,20230223,91103,ASSIGNED
100201,200025,20230223,41932,RETURNED
100201,200025,20230222,95504,CREATED
100243,200232,20230223,81158,ASSIGNED
100243,200232,20230222,234114,RETURNED
100243,200232,20230222,94010,CREATED
100047,200321,20230222,144632,COMPLETED
100047,200321,20230222,94929,CREATED
100405,200553,20230222,163216,COMPLETED
100405,200553,20230222,95020,CREATED
100443,200459,20230223,90133,ASSIGNED
100443,200459,20230223,80140,RETURNED
100443,200459,20230222,135849,CREATED
100403,200516,20230222,21600,COMPLETED
100403,200516,20230222,10336,RETURNED
100403,200516,20230221,163736,CREATED
100312,200162,20230222,203627,COMPLETED
100312,200162,20230222,154055,RETURNED
100312,200162,20230222,95341,CREATED
100455,200244,20230223,30512,COMPLETED
100455,200244,20230223,23204,RETURNED
100455,200244,20230222,105613,CREATED
100350,200155,20230222,115327,COMPLETED
100350,200155,20230222,94937,CREATED
100528,200395,20230223,83209,ASSIGNED
100528,200395,20230223,81557,RETURNED
100528,200395,20230222,94954,CREATED
100332,200236,20230222,141438,COMPLETED
100332,200236,20230222,95006,CREATED
100018,200582,20230222,165404,COMPLETED
100018,200582,20230222,151355,RETURNED
100018,200582,20230221,163723,CREATED
100265,200017,20230222,95209,POOL
100265,200017,20230222,95209,CREATED
100397,200251,20230222,95221,POOL
100397,200251,20230222,95221,CREATED
100316,200309,20230223,83343,ASSIGNED
100316,200309,20230223,74232,RETURNED
100316,200309,20230222,94616,CREATED
100304,200026,20230222,165105,COMPLETED
100304,200026,20230222,151355,RETURNED
100304,200026,20230222,105456,CREATED
100414,200038,20230223,81211,ASSIGNED
100414,200038,20230222,234114,RETURNED
100414,200038,20230222,94007,CREATED
100435,200106,20230222,230739,COMPLETED
100435,200106,20230222,155101,RETURNED
100435,200106,20230222,94129,CREATED
100053,200457,20230222,182851,COMPLETED
100053,200457,20230222,164213,RETURNED
100053,200457,20230222,94959,CREATED
100368,200306,20230223,82916,ASSIGNED
100368,200306,20230222,105345,CREATED
100063,200570,20230222,233922,COMPLETED
100063,200570,20230222,161234,RETURNED
100063,200570,20230222,94511,CREATED
100003,200432,20230223,82249,ASSIGNED
100003,200432,20230222,234114,RETURNED
100003,200432,20230222,94001,CREATED
100019,200304,20230223,85916,ASSIGNED
100019,200304,20230223,74715,RETURNED
100019,200304,20230222,105702,CREATED
100273,200213,20230223,33445,COMPLETED
100273,200213,20230222,235512,RETURNED
100273,200213,20230222,94915,CREATED
100328,200215,20230223,83121,ASSIGNED
100328,200215,20230223,81557,RETURNED
100328,200215,20230222,105724,CREATED
100413,200056,20230222,212523,COMPLETED
100413,200056,20230222,165807,RETURNED
100413,200056,20230222,105754,CREATED
100327,200550,20230223,90638,ASSIGNED
100327,200550,20230223,23326,RETURNED
100327,200550,20230222,94316,CREATED
100116,200507,20230221,231535,COMPLETED
100116,200507,20230221,163928,CREATED
100364,200217,20230223,21108,ASSIGNED
100364,200217,20230222,162354,RETURNED
100364,200217,20230222,93938,CREATED
100044,200554,20230223,71606,COMPLETED
100044,200554,20230223,10920,RETURNED
100044,200554,20230222,93613,CREATED
100334,200107,20230222,165159,COMPLETED
100334,200107,20230222,151355,RETURNED
100334,200107,20230222,94649,CREATED
100457,200544,20230222,121742,COMPLETED
100457,200544,20230222,105548,CREATED
100465,200173,20230223,94552,COMPLETED
100465,200173,20230223,74734,RETURNED
100465,200173,20230222,94107,CREATED
100022,200081,20230222,220954,COMPLETED
100022,200081,20230222,211109,RETURNED
100022,200081,20230222,94223,CREATED
100069,200046,20230222,132812,COMPLETED
100069,200046,20230222,95049,CREATED
100214,200474,20230222,134754,COMPLETED
100214,200474,20230222,94258,CREATED
100046,200352,20230221,164004,POOL
100046,200352,20230221,164004,CREATED
100325,200204,20230222,224947,COMPLETED
100325,200204,20230222,165822,RETURNED
100325,200204,20230222,94606,CREATED
100420,200420,20230222,190502,COMPLETED
100420,200420,20230222,153837,RETURNED
100420,200420,20230222,93955,CREATED
100126,200157,20230222,173317,COMPLETED
100126,200157,20230222,153006,RETURNED
100126,200157,20230222,94210,CREATED
100566,200466,20230223,72034,COMPLETED
100566,200466,20230223,11223,RETURNED
100566,200466,20230222,94254,CREATED
100518,200205,20230222,180637,COMPLETED
100518,200205,20230222,155232,RETURNED
100518,200205,20230222,93749,CREATED
100001,200574,20230223,81438,ASSIGNED
100001,200574,20230223,74734,RETURNED
100001,200574,20230222,95306,CREATED
100363,200533,20230222,105508,POOL
100363,200533,20230222,105508,CREATED
100172,200480,20230222,122321,COMPLETED
100172,200480,20230222,105542,CREATED
100247,200240,20230223,91108,ASSIGNED
100247,200240,20230223,81747,RETURNED
100247,200240,20230222,93620,CREATED
100579,200349,20230222,165246,COMPLETED
100579,200349,20230222,151355,RETURNED
100579,200349,20230222,94308,CREATED
100131,200447,20230222,93829,ASSIGNED
100131,200447,20230222,93733,CREATED
100326,200300,20230222,154302,COMPLETED
100326,200300,20230222,95436,CREATED
100371,200363,20230222,105502,POOL
100371,200363,20230222,105502,CREATED
100583,200053,20230222,223535,COMPLETED
100583,200053,20230222,154525,RETURNED
100583,200053,20230222,105653,CREATED
100021,200264,20230223,83343,ASSIGNED
100021,200264,20230223,23406,RETURNED
100021,200264,20230222,94326,CREATED
100031,200542,20230222,94448,POOL
100031,200542,20230222,94448,CREATED
100207,200208,20230223,91413,ASSIGNED
100207,200208,20230223,41932,RETURNED
100207,200208,20230222,105451,CREATED
100324,200138,20230221,163939,POOL
100324,200138,20230221,163939,CREATED
100153,200496,20230222,105527,POOL
100153,200496,20230222,105527,CREATED
100212,200487,20230222,120840,COMPLETED
100212,200487,20230222,105551,CREATED
100426,200519,20230223,83052,ASSIGNED
100426,200519,20230222,94755,CREATED
100474,200295,20230223,41810,COMPLETED
100474,200295,20230222,235512,RETURNED
100474,200295,20230222,94126,CREATED
100493,200067,20230222,152601,COMPLETED
100493,200067,20230222,73919,RETURNED
100493,200067,20230221,163931,CREATED
100082,200088,20230223,85902,ASSIGNED
100082,200088,20230223,85319,RETURNED
100082,200088,20230222,95206,CREATED
100285,200510,20230222,94421,POOL
100285,200510,20230222,94421,CREATED
100179,200261,20230223,82855,ASSIGNED
100179,200261,20230222,105545,CREATED
100577,200147,20230222,142002,COMPLETED
100577,200147,20230222,102051,RETURNED
100577,200147,20230222,94851,CREATED
100114,200362,20230222,172050,COMPLETED
100114,200362,20230222,154255,RETURNED
100114,200362,20230222,94147,CREATED
100191,200160,20230223,12814,COMPLETED
100191,200160,20230222,234157,RETURNED
100191,200160,20230222,93608,CREATED
100319,200512,20230222,190127,COMPLETED
100319,200512,20230222,154038,RETURNED
100319,200512,20230222,95413,CREATED
100323,200114,20230223,82408,ASSIGNED
100323,200114,20230223,74440,RETURNED
100323,200114,20230222,94235,CREATED
100208,200180,20230221,163820,POOL
100208,200180,20230221,163820,CREATED
100355,200267,20230222,95227,POOL
100355,200267,20230222,95227,CREATED
100417,200150,20230222,213625,COMPLETED
100417,200150,20230222,161234,RETURNED
100417,200150,20230222,94513,CREATED
100496,200451,20230221,205809,COMPLETED
100496,200451,20230221,164019,CREATED
100118,200511,20230222,142626,COMPLETED
100118,200511,20230222,95416,CREATED
100178,200064,20230223,82212,ASSIGNED
100178,200064,20230223,74734,RETURNED
100178,200064,20230222,105641,CREATED
100345,200342,20230222,141037,COMPLETED
100345,200342,20230222,95104,CREATED
100377,200523,20230222,95157,POOL
100377,200523,20230222,95157,CREATED
100287,200526,20230222,183347,COMPLETED
100287,200526,20230222,161234,RETURNED
100287,200526,20230222,93830,CREATED
100554,200057,20230222,135632,COMPLETED
100554,200057,20230222,94823,CREATED
100103,200019,20230223,90323,ASSIGNED
100103,200019,20230223,74715,RETURNED
100103,200019,20230222,94859,CREATED
100383,200448,20230222,154702,COMPLETED
100383,200448,20230222,135846,CREATED
100133,200214,20230222,225401,COMPLETED
100133,200214,20230222,154617,RETURNED
100133,200214,20230222,115637,CREATED
100357,200585,20230222,85045,ASSIGNED
100357,200585,20230221,163925,CREATED
100079,200092,20230223,82208,ASSIGNED
100079,200092,20230223,75215,RETURNED
100079,200092,20230222,105644,CREATED
100096,200318,20230222,154944,COMPLETED
100096,200318,20230222,101314,RETURNED
100096,200318,20230222,94204,CREATED
100541,200263,20230223,71433,COMPLETED
100541,200263,20230222,93610,CREATED
100272,200307,20230222,162422,ASSIGNED
100272,200307,20230222,162354,RETURNED
100272,200307,20230222,135851,CREATED
100274,200242,20230222,181513,CANCELLED
100274,200242,20230222,181241,RETURNED
100274,200242,20230222,95309,CREATED
100418,200094,20230222,203255,COMPLETED
100418,200094,20230222,152022,RETURNED
100418,200094,20230222,95427,CREATED
100356,200120,20230223,83224,ASSIGNED
100356,200120,20230223,81557,RETURNED
100356,200120,20230222,94538,CREATED
100115,200186,20230223,102337,COMPLETED
100115,200186,20230223,74734,RETURNED
100115,200186,20230222,105314,CREATED
100545,200468,20230223,75355,RETURNED
100545,200468,20230223,22104,ASSIGNED
100545,200468,20230222,105711,CREATED
100008,200190,20230223,83004,ASSIGNED
100008,200190,20230223,23424,RETURNED
100008,200190,20230222,94331,CREATED
100261,200248,20230222,184713,COMPLETED
100261,200248,20230222,153837,RETURNED
100261,200248,20230222,95203,CREATED
100463,200319,20230222,154449,COMPLETED
100463,200319,20230222,94945,CREATED
100422,200030,20230222,151324,COMPLETED
100422,200030,20230222,94243,CREATED
100010,200253,20230222,120725,COMPLETED
100010,200253,20230222,94301,CREATED
100510,200458,20230223,83357,ASSIGNED
100510,200458,20230223,23415,RETURNED
100510,200458,20230222,94329,CREATED
100227,200376,20230223,83254,ASSIGNED
100227,200376,20230223,23451,RETURNED
100227,200376,20230222,94339,CREATED
100016,200482,20230222,94401,POOL
100016,200482,20230222,94401,CREATED
100471,200073,20230222,105505,POOL
100471,200073,20230222,105505,CREATED
100051,200562,20230223,81147,ASSIGNED
100051,200562,20230223,74734,RETURNED
100051,200562,20230222,105622,CREATED
100043,200314,20230223,92001,COMPLETED
100043,200314,20230223,74734,RETURNED
100043,200314,20230222,105317,CREATED
100039,200355,20230222,214909,COMPLETED
100039,200355,20230222,194150,RETURNED
100039,200355,20230222,94924,CREATED
100215,200461,20230223,90915,ASSIGNED
100215,200461,20230223,22902,RETURNED
100215,200461,20230222,93626,CREATED
100205,200133,20230222,94711,ASSIGNED
100205,200133,20230222,94411,CREATED
100061,200271,20230222,190504,CANCELLED
100061,200271,20230222,182711,RETURNED
100061,200271,20230222,105249,CREATED
100158,200203,20230223,20550,ASSIGNED
100158,200203,20230222,162354,RETURNED
100158,200203,20230222,94644,CREATED
100333,200279,20230221,163730,POOL
100333,200279,20230221,163730,CREATED
100308,200569,20230223,81807,ASSIGNED
100308,200569,20230223,74734,RETURNED
100308,200569,20230222,94817,CREATED
100500,200298,20230222,110827,COMPLETED
100500,200298,20230222,94248,CREATED
100138,200221,20230222,94356,POOL
100138,200221,20230222,94356,CREATED
100041,200303,20230222,130926,COMPLETED
100041,200303,20230222,95337,CREATED
100411,200131,20230222,234444,COMPLETED
100411,200131,20230222,93846,CREATED
100204,200137,20230222,121250,COMPLETED
100204,200137,20230222,94623,CREATED
100372,200273,20230223,91123,ASSIGNED
100372,200273,20230223,41932,RETURNED
100372,200273,20230222,95507,CREATED
100297,200407,20230223,14755,COMPLETED
100297,200407,20230222,235512,RETURNED
100297,200407,20230222,105705,CREATED
100485,200567,20230222,224159,COMPLETED
100485,200567,20230222,154617,RETURNED
100485,200567,20230222,105323,CREATED
100083,200197,20230222,135810,POOL
100083,200197,20230222,135810,CREATED
100062,200323,20230222,10541,ASSIGNED
100062,200323,20230222,219,RETURNED
100062,200323,20230221,163843,CREATED
100489,200136,20230222,144730,COMPLETED
100489,200136,20230222,94132,CREATED
100148,200270,20230222,175704,COMPLETED
100148,200270,20230222,151902,RETURNED
100148,200270,20230222,94942,CREATED
100023,200310,20230223,11229,COMPLETED
100023,200310,20230222,233733,RETURNED
100023,200310,20230222,105722,CREATED
100098,200415,20230222,135759,POOL
100098,200415,20230222,135759,CREATED
100197,200423,20230223,83010,ASSIGNED
100197,200423,20230222,95233,CREATED
100329,200188,20230222,151033,COMPLETED
100329,200188,20230222,94603,CREATED
100574,200543,20230223,91156,ASSIGNED
100574,200543,20230223,41932,RETURNED
100574,200543,20230222,95513,CREATED
100006,200369,20230223,91333,ASSIGNED
100006,200369,20230223,41932,RETURNED
100006,200369,20230222,105413,CREATED
100495,200504,20230222,130935,COMPLETED
100495,200504,20230222,93746,CREATED
100394,200397,20230223,71858,COMPLETED
100394,200397,20230223,10938,RETURNED
100394,200397,20230222,93913,CREATED
100160,200216,20230222,205706,COMPLETED
100160,200216,20230222,162415,RETURNED
100160,200216,20230222,105632,CREATED
100109,200452,20230222,224603,COMPLETED
100109,200452,20230222,154617,RETURNED
100109,200452,20230222,115628,CREATED
100313,200452,20230222,42328,CANCELLED
100313,200452,20230222,13234,RETURNED
100313,200452,20230221,163757,CREATED
100074,200063,20230222,105511,POOL
100074,200063,20230222,105511,CREATED
100011,200207,20230223,82822,ASSIGNED
100011,200207,20230222,105606,CREATED
100452,200324,20230222,164528,COMPLETED
100452,200324,20230222,93736,CREATED
100198,200359,20230222,203214,CANCELLED
100198,200359,20230222,200128,RETURNED
100198,200359,20230222,94452,CREATED
100067,200247,20230222,105952,CANCELLED
100067,200247,20230222,105526,RETURNED
100067,200247,20230222,95136,CREATED
100229,200485,20230222,175835,COMPLETED
100229,200485,20230222,161234,RETURNED
100229,200485,20230222,95356,CREATED
100303,200539,20230223,82807,ASSIGNED
100303,200539,20230222,105609,CREATED
100295,200422,20230223,81017,ASSIGNED
100295,200422,20230223,74734,RETURNED
100295,200422,20230222,105638,CREATED
100559,200122,20230222,225021,COMPLETED
100559,200122,20230222,154525,RETURNED
100559,200122,20230222,94120,CREATED
100049,200281,20230222,130541,COMPLETED
100049,200281,20230222,93603,CREATED
100278,200462,20230222,95143,POOL
100278,200462,20230222,95143,CREATED
100221,200302,20230222,164419,COMPLETED
100221,200302,20230222,94038,CREATED
100233,200132,20230222,111633,COMPLETED
100233,200132,20230222,94956,CREATED
100106,200335,20230222,93643,POOL
100106,200335,20230222,93643,CREATED
100050,200548,20230222,93851,ASSIGNED
100050,200548,20230222,93730,CREATED
100385,200367,20230222,204426,COMPLETED
100385,200367,20230222,154125,RETURNED
100385,200367,20230222,115633,CREATED
100389,200021,20230222,114944,COMPLETED
100389,200021,20230222,94530,CREATED
100080,200027,20230221,163813,POOL
100080,200027,20230221,163813,CREATED
100571,200579,20230221,163733,POOL
100571,200579,20230221,163733,CREATED
100089,200099,20230223,90951,ASSIGNED
100089,200099,20230223,22923,RETURNED
100089,200099,20230222,93633,CREATED
100173,200340,20230222,165315,COMPLETED
100173,200340,20230222,151355,RETURNED
100173,200340,20230222,93640,CREATED
100444,200148,20230222,154046,CANCELLED
100444,200148,20230222,151552,RETURNED
100444,200148,20230222,93727,CREATED
100042,200412,20230223,35106,COMPLETED
100042,200412,20230223,23439,RETURNED
100042,200412,20230222,105557,CREATED
100271,200430,20230222,80709,COMPLETED
100271,200430,20230221,233320,RETURNED
100271,200430,20230221,163802,CREATED
100456,200436,20230223,90218,ASSIGNED
100456,200436,20230223,23603,RETURNED
100456,200436,20230222,95114,CREATED
100124,200559,20230222,94733,POOL
100124,200559,20230222,94733,CREATED
100028,200083,20230222,94736,POOL
100028,200083,20230222,94736,CREATED
100362,200328,20230223,83147,ASSIGNED
100362,200328,20230222,94742,CREATED
100119,200521,20230222,134323,COMPLETED
100119,200521,20230222,94048,CREATED
100143,200428,20230222,225702,COMPLETED
100143,200428,20230222,154525,RETURNED
100143,200428,20230222,94845,CREATED
100009,200058,20230222,195548,COMPLETED
100009,200058,20230222,151412,RETURNED
100009,200058,20230222,94951,CREATED
100270,200013,20230223,82121,ASSIGNED
100270,200013,20230223,74440,RETURNED
100270,200013,20230222,105749,CREATED
100464,200356,20230222,135616,CANCELLED
100464,200356,20230222,132000,RETURNED
100464,200356,20230222,95300,CREATED
100490,200329,20230222,152410,COMPLETED
100490,200329,20230222,101618,RETURNED
100490,200329,20230222,94536,CREATED
100036,200245,20230222,123003,RETURNED
100036,200245,20230222,123003,POOL
100036,200245,20230222,95036,CREATED
100487,200254,20230223,13226,COMPLETED
100487,200254,20230222,235332,RETURNED
100487,200254,20230222,95405,CREATED
100476,200371,20230222,120126,CANCELLED
100476,200371,20230222,101147,RETURNED
100476,200371,20230222,93858,CREATED
100129,200093,20230222,150446,COMPLETED
100129,200093,20230222,94216,CREATED
100353,200476,20230222,105612,CANCELLED
100353,200476,20230222,105122,RETURNED
100353,200476,20230221,192056,CREATED
100544,200219,20230222,165118,COMPLETED
100544,200219,20230222,151355,RETURNED
100544,200219,20230222,105453,CREATED
100256,200545,20230222,123414,COMPLETED
100256,200545,20230222,94104,CREATED
100125,200196,20230222,152318,COMPLETED
100125,200196,20230222,94221,CREATED
100419,200488,20230222,223531,COMPLETED
100419,200488,20230222,165426,RETURNED
100419,200488,20230222,94226,CREATED
100472,200032,20230222,185441,COMPLETED
100472,200032,20230222,154314,RETURNED
100472,200032,20230222,93550,CREATED
100458,200152,20230222,135237,COMPLETED
100458,200152,20230222,93618,CREATED
100408,200514,20230222,94006,ASSIGNED
100408,200514,20230222,93718,CREATED
100238,200351,20230222,213006,COMPLETED
100238,200351,20230222,93849,CREATED
100538,200168,20230223,90907,ASSIGNED
100538,200168,20230223,23130,RETURNED
100538,200168,20230222,93930,CREATED
100155,200140,20230222,94708,POOL
100155,200140,20230222,94708,CREATED
100187,200418,20230222,85106,ASSIGNED
100187,200418,20230221,163837,CREATED
100516,200492,20230222,130248,COMPLETED
100516,200492,20230222,115335,RETURNED
100516,200492,20230222,105647,CREATED
100210,200403,20230222,133754,COMPLETED
100210,200403,20230222,93555,CREATED
100306,200520,20230222,172925,COMPLETED
100306,200520,20230222,152540,RETURNED
100306,200520,20230222,93605,CREATED
100331,200048,20230223,80443,RETURNED
100331,200048,20230223,80443,POOL
100331,200048,20230221,192100,CREATED
100367,200014,20230223,83044,RETURNED
100367,200014,20230223,83044,POOL
100367,200014,20230222,105424,CREATED
100020,200050,20230222,222741,COMPLETED
100020,200050,20230222,121714,RETURNED
100020,200050,20230222,105253,CREATED
100551,200103,20230223,92909,ASSIGNED
100551,200103,20230223,92213,RETURNED
100551,200103,20230222,94703,CREATED
100087,200294,20230222,94730,POOL
100087,200294,20230222,94730,CREATED
100223,200260,20230223,100333,COMPLETED
100223,200260,20230221,164013,CREATED
100573,200047,20230223,90153,ASSIGNED
100573,200047,20230223,23630,RETURNED
100573,200047,20230222,95116,CREATED
100549,200212,20230222,205510,COMPLETED
100549,200212,20230222,162415,RETURNED
100549,200212,20230222,95328,CREATED
100070,200036,20230223,83459,ASSIGNED
100070,200036,20230223,74232,RETURNED
100070,200036,20230222,93905,CREATED
100240,200577,20230222,133929,COMPLETED
100240,200577,20230222,93923,CREATED
100180,200581,20230223,83516,ASSIGNED
100180,200581,20230223,23533,RETURNED
100180,200581,20230222,94641,CREATED
100450,200111,20230221,163726,POOL
100450,200111,20230221,163726,CREATED
100321,200346,20230223,90304,ASSIGNED
100321,200346,20230223,74715,RETURNED
100321,200346,20230222,94907,CREATED
100014,200062,20230222,225858,COMPLETED
100014,200062,20230222,95031,CREATED
100091,200358,20230222,105243,POOL
100091,200358,20230222,105243,CREATED
100235,200442,20230222,110005,CANCELLED
100235,200442,20230222,105406,RETURNED
100235,200442,20230222,93715,CREATED
100501,200113,20230223,85441,ASSIGNED
100501,200113,20230223,41932,RETURNED
100501,200113,20230222,95515,CREATED
100378,200069,20230223,84728,ASSIGNED
100378,200069,20230223,23335,RETURNED
100378,200069,20230222,94319,CREATED
100048,200381,20230222,93709,POOL
100048,200381,20230222,93709,CREATED
100268,200341,20230221,230847,COMPLETED
100268,200341,20230221,163859,CREATED
100029,200460,20230222,133338,COMPLETED
100029,200460,20230222,93925,CREATED
100533,200484,20230223,81901,ASSIGNED
100533,200484,20230223,74734,RETURNED
100533,200484,20230222,94807,CREATED
100065,200145,20230222,100916,COMPLETED
100065,200145,20230222,94117,CREATED
100540,200333,20230222,190106,COMPLETED
100540,200333,20230222,160226,RETURNED
100540,200333,20230222,105757,CREATED
100453,200419,20230222,182056,COMPLETED
100453,200419,20230222,162415,RETURNED
100453,200419,20230222,95312,CREATED
100100,200440,20230222,142214,COMPLETED
100100,200440,20230222,94142,CREATED
100505,200350,20230222,165145,COMPLETED
100505,200350,20230222,151355,RETURNED
100505,200350,20230222,95131,CREATED
100236,200286,20230222,172946,COMPLETED
100236,200286,20230222,152540,RETURNED
100236,200286,20230222,94614,CREATED
100076,200166,20230221,163908,POOL
100076,200166,20230221,163908,CREATED
100183,200090,20230222,153747,COMPLETED
100183,200090,20230222,95059,CREATED
100486,200547,20230222,181215,COMPLETED
100486,200547,20230222,162415,RETURNED
100486,200547,20230222,95315,CREATED
100224,200018,20230222,130635,COMPLETED
100224,200018,20230222,93817,CREATED
100569,200513,20230222,223129,COMPLETED
100569,200513,20230222,154038,RETURNED
100569,200513,20230222,95411,CREATED
100555,200384,20230222,22101,COMPLETED
100555,200384,20230221,163754,CREATED
100366,200402,20230222,124459,COMPLETED
100366,200402,20230222,94609,CREATED
100412,200292,20230222,183318,COMPLETED
100412,200292,20230222,154314,RETURNED
100412,200292,20230222,94611,CREATED
100298,200039,20230223,85947,ASSIGNED
100298,200039,20230223,23212,RETURNED
100298,200039,20230222,93943,CREATED
100219,200325,20230222,173447,COMPLETED
100219,200325,20230222,154616,RETURNED
100219,200325,20230222,93952,CREATED
100446,200239,20230222,142807,COMPLETED
100446,200239,20230222,95004,CREATED
100286,200438,20230223,91232,ASSIGNED
100286,200438,20230223,41932,RETURNED
100286,200438,20230222,105238,CREATED
100469,200075,20230223,90940,ASSIGNED
100469,200075,20230223,23026,RETURNED
100469,200075,20230222,93631,CREATED
100348,200566,20230223,104128,COMPLETED
100348,200566,20230223,74734,RETURNED
100348,200566,20230222,93752,CREATED
100072,200410,20230223,90135,ASSIGNED
100072,200410,20230223,74715,RETURNED
100072,200410,20230222,95353,CREATED
100423,200399,20230223,90445,ASSIGNED
100423,200399,20230223,31117,RETURNED
100423,200399,20230221,163902,CREATED
100121,200126,20230223,95922,COMPLETED
100121,200126,20230223,80443,RETURNED
100121,200126,20230222,105600,CREATED
100177,200454,20230223,11116,COMPLETED
100177,200454,20230222,234917,RETURNED
100177,200454,20230222,105619,CREATED
100289,200311,20230222,223558,COMPLETED
100289,200311,20230222,154038,RETURNED
100289,200311,20230222,94156,CREATED
100318,200045,20230223,73818,RETURNED
100318,200045,20230223,73818,POOL
100318,200045,20230221,185542,CREATED
100344,200339,20230223,95431,RETURNED
100344,200339,20230223,95431,POOL
100344,200339,20230222,95251,CREATED
100436,200209,20230222,143107,COMPLETED
100436,200209,20230222,105735,CREATED
100564,200241,20230222,94426,POOL
100564,200241,20230222,94426,CREATED
100146,200174,20230222,155701,CANCELLED
100146,200174,20230222,154116,RETURNED
100146,200174,20230222,105719,CREATED
100477,200171,20230223,90857,ASSIGNED
100477,200171,20230223,22846,RETURNED
100477,200171,20230222,93623,CREATED
100374,200378,20230223,84710,ASSIGNED
100374,200378,20230223,23621,RETURNED
100374,200378,20230222,94658,CREATED
100101,200176,20230222,130344,COMPLETED
100101,200176,20230222,94004,CREATED
100519,200224,20230223,94824,RETURNED
100519,200224,20230223,94824,POOL
100519,200224,20230222,94749,CREATED
100013,200494,20230222,233519,COMPLETED
100013,200494,20230222,160043,RETURNED
100013,200494,20230222,94134,CREATED
100392,200565,20230222,102448,COMPLETED
100392,200565,20230222,74739,RETURNED
100392,200565,20230221,163745,CREATED
100432,200475,20230222,81209,CANCELLED
100432,200475,20230222,64533,RETURNED
100432,200475,20230221,163810,CREATED
100249,200170,20230222,210238,COMPLETED
100249,200170,20230222,183328,RETURNED
100249,200170,20230222,94802,CREATED
100479,200587,20230223,82103,ASSIGNED
100479,200587,20230223,74734,RETURNED
100479,200587,20230222,94113,CREATED
100181,200230,20230222,154640,COMPLETED
100181,200230,20230222,101548,RETURNED
100181,200230,20230222,94527,CREATED
100310,200051,20230222,141920,COMPLETED
100310,200051,20230222,94626,CREATED
100105,200183,20230222,132617,COMPLETED
100105,200183,20230222,93918,CREATED
100192,200272,20230222,185643,COMPLETED
100192,200272,20230222,151355,RETURNED
100192,200272,20230222,94634,CREATED
100108,200453,20230222,105524,POOL
100108,200453,20230222,105524,CREATED
100441,200368,20230222,191819,COMPLETED
100441,200368,20230222,105616,CREATED
100012,200534,20230222,162434,COMPLETED
100012,200534,20230222,153827,RETURNED
100012,200534,20230222,94927,CREATED
100052,200589,20230222,185639,COMPLETED
100052,200589,20230222,154038,RETURNED
100052,200589,20230222,94158,CREATED
100525,200404,20230223,91004,ASSIGNED
100525,200404,20230223,23101,RETURNED
100525,200404,20230222,93636,CREATED
100388,200386,20230222,93702,POOL
100388,200386,20230222,93702,CREATED
100517,200414,20230222,224401,COMPLETED
100517,200414,20230222,154525,RETURNED
100517,200414,20230222,93801,CREATED
100144,200079,20230222,212208,COMPLETED
100144,200079,20230222,94558,CREATED
100530,200425,20230222,105459,POOL
100530,200425,20230222,105459,CREATED
100315,200187,20230223,51552,COMPLETED
100315,200187,20230223,40310,RETURNED
100315,200187,20230222,94902,CREATED
100584,200558,20230222,165229,COMPLETED
100584,200558,20230222,151355,RETURNED
100584,200558,20230222,94336,CREATED
100560,200262,20230222,101815,ASSIGNED
100560,200262,20230222,94508,CREATED
100548,200175,20230223,82030,ASSIGNED
100548,200175,20230223,41932,RETURNED
100548,200175,20230222,181338,CREATED
100578,200388,20230222,105518,POOL
100578,200388,20230222,105518,CREATED
100123,200305,20230223,82841,ASSIGNED
100123,200305,20230222,105602,CREATED
100282,200317,20230222,112920,COMPLETED
100282,200317,20230222,101313,RETURNED
100282,200317,20230222,94051,CREATED
100150,200034,20230223,14242,CANCELLED
100150,200034,20230223,13831,RETURNED
100150,200034,20230222,95009,CREATED
100482,200029,20230222,112355,COMPLETED
100482,200029,20230222,93558,CREATED
100220,200100,20230223,91346,ASSIGNED
100220,200100,20230223,41932,RETURNED
100220,200100,20230222,105416,CREATED
100317,200394,20230222,95151,POOL
100317,200394,20230222,95151,CREATED
100535,200413,20230223,22144,COMPLETED
100535,200413,20230223,23204,RETURNED
100535,200413,20230222,95245,CREATED
100199,200258,20230222,174819,COMPLETED
100199,200258,20230222,154525,RETURNED
100199,200258,20230222,93807,CREATED
100040,200470,20230222,223517,COMPLETED
100040,200470,20230222,95441,CREATED
100494,200181,20230222,94718,POOL
100494,200181,20230222,94718,CREATED
100037,200095,20230222,150615,COMPLETED
100037,200095,20230222,105326,CREATED
100570,200080,20230222,110421,COMPLETED
100570,200080,20230222,93553,CREATED
100451,200070,20230223,83329,ASSIGNED
100451,200070,20230223,23357,RETURNED
100451,200070,20230222,94323,CREATED
100428,200210,20230222,105421,POOL
100428,200210,20230222,105421,CREATED
100250,200149,20230222,94424,POOL
100250,200149,20230222,94424,CREATED
100376,200163,20230223,81255,ASSIGNED
100376,200163,20230223,74734,RETURNED
100376,200163,20230222,105350,CREATED
100515,200561,20230223,90007,ASSIGNED
100515,200561,20230223,41932,RETURNED
100515,200561,20230222,105443,CREATED
100200,200015,20230221,163816,POOL
100200,200015,20230221,163816,CREATED
100361,200071,20230222,85127,ASSIGNED
100361,200071,20230221,163742,CREATED
100209,200291,20230223,81033,ASSIGNED
100209,200291,20230223,74734,RETURNED
100209,200291,20230222,105635,CREATED
100407,200161,20230221,172458,COMPLETED
100407,200161,20230221,163847,CREATED
100073,200471,20230223,104942,COMPLETED
100073,200471,20230223,23151,RETURNED
100073,200471,20230222,93933,CREATED
100568,200409,20230222,184131,COMPLETED
100568,200409,20230222,170934,RETURNED
100568,200409,20230222,105732,CREATED
100582,200084,20230223,82152,ASSIGNED
100582,200084,20230223,74440,RETURNED
100582,200084,20230222,105746,CREATED
100242,200535,20230222,181953,COMPLETED
100242,200535,20230222,154055,RETURNED
100242,200535,20230222,105716,CREATED
100257,200502,20230222,182715,COMPLETED
100257,200502,20230222,93743,CREATED
100253,200506,20230222,225956,COMPLETED
100253,200506,20230222,154525,RETURNED
100253,200506,20230222,135837,CREATED
100092,200068,20230222,154624,COMPLETED
100092,200068,20230222,95430,CREATED
100561,200275,20230222,134557,COMPLETED
100561,200275,20230222,95502,CREATED
100260,200450,20230223,10900,COMPLETED
100260,200450,20230222,235514,RETURNED
100260,200450,20230222,94240,CREATED
